#
# There is insufficient memory for the Java Runtime Environment to continue.
# Native memory allocation (malloc) failed to allocate 65552 bytes. Error detail: Chunk::new
# Possible reasons:
#   The system is out of physical RAM or swap space
#   This process is running with CompressedOops enabled, and the Java Heap may be blocking the growth of the native heap
# Possible solutions:
#   Reduce memory load on the system
#   Increase physical memory or swap space
#   Check if swap backing store is full
#   Decrease Java heap size (-Xmx/-Xms)
#   Decrease number of Java threads
#   Decrease Java thread stack sizes (-Xss)
#   Set larger code cache with -XX:ReservedCodeCacheSize=
#   JVM is running with Unscaled Compressed Oops mode in which the Java heap is
#     placed in the first 4GB address space. The Java Heap base address is the
#     maximum limit for the native heap growth. Please use -XX:HeapBaseMinAddress
#     to set the Java Heap base and to place the Java Heap above 4GB virtual address.
# This output file may be truncated or incomplete.
#
#  Out of Memory Error (arena.cpp:168), pid=26356, tid=6440
#
# JRE version: OpenJDK Runtime Environment Temurin-21.0.11+10 (21.0.11+10) (build 21.0.11+10-LTS)
# Java VM: OpenJDK 64-Bit Server VM Temurin-21.0.11+10 (21.0.11+10-LTS, mixed mode, sharing, tiered, compressed oops, compressed class ptrs, g1 gc, windows-amd64)
# No core dump will be written. Minidumps are not enabled by default on client versions of Windows
#

---------------  S U M M A R Y ------------

Command Line: --add-opens=java.base/java.lang=ALL-UNNAMED --add-opens=java.base/java.lang.invoke=ALL-UNNAMED --add-opens=java.base/java.util=ALL-UNNAMED --add-opens=java.prefs/java.util.prefs=ALL-UNNAMED --add-exports=jdk.compiler/com.sun.tools.javac.api=ALL-UNNAMED --add-exports=jdk.compiler/com.sun.tools.javac.util=ALL-UNNAMED --add-opens=java.base/java.util=ALL-UNNAMED --add-opens=java.prefs/java.util.prefs=ALL-UNNAMED --add-opens=java.base/java.nio.charset=ALL-UNNAMED --add-opens=java.base/java.net=ALL-UNNAMED --add-opens=java.base/java.util.concurrent.atomic=ALL-UNNAMED --add-opens=java.xml/javax.xml.namespace=ALL-UNNAMED -XX:MaxMetaspaceSize=384m -XX:+HeapDumpOnOutOfMemoryError -Xms256m -Xmx512m -Dfile.encoding=UTF-8 -Duser.country=GB -Duser.language=en -Duser.variant -javaagent:C:\Users\obami\.gradle\wrapper\dists\gradle-8.13-bin\5xuhj0ry160q40clulazy9h7d\gradle-8.13\lib\agents\gradle-instrumentation-agent-8.13.jar org.gradle.launcher.daemon.bootstrap.GradleDaemon 8.13

Host: 12th Gen Intel(R) Core(TM) i5-1235U, 12 cores, 7G,  Windows 11 , 64 bit Build 26100 (10.0.26100.9168)
Time: Fri Aug 21 04:18:47 2026 W. Central Africa Standard Time elapsed time: 35.825446 seconds (0d 0h 0m 35s)

---------------  T H R E A D  ---------------

Current thread (0x0000029332020670):  JavaThread "C2 CompilerThread0" daemon [_thread_in_native, id=6440, stack(0x000000b955900000,0x000000b955a00000) (1024K)]


Current CompileTask:
C2:35825 7815   !   4       com.google.common.reflect.TypeVisitor::visit (225 bytes)

Stack: [0x000000b955900000,0x000000b955a00000]
Native frames: (J=compiled Java code, j=interpreted, Vv=VM code, C=native code)
V  [jvm.dll+0x6d7e19]
V  [jvm.dll+0x8b5096]
V  [jvm.dll+0x8b764e]
V  [jvm.dll+0x8b7d33]
V  [jvm.dll+0x284596]
V  [jvm.dll+0xc685d]
V  [jvm.dll+0xc6da1]
V  [jvm.dll+0xd283d]
V  [jvm.dll+0x5febbf]
V  [jvm.dll+0x255d67]
V  [jvm.dll+0x24e0f4]
V  [jvm.dll+0x24bbe6]
V  [jvm.dll+0x1cb4ae]
V  [jvm.dll+0x25baad]
V  [jvm.dll+0x25a03a]
V  [jvm.dll+0x3f868e]
V  [jvm.dll+0x85fb0d]
V  [jvm.dll+0x6d664d]
C  [ucrtbase.dll+0x2cd30]
C  [KERNEL32.DLL+0x2ccb7]
C  [ntdll.dll+0xaad6c]


---------------  P R O C E S S  ---------------

Threads class SMR info:
_java_thread_list=0x0000029333dcb5a0, length=76, elements={
0x00000293030b0240, 0x00000293320098d0, 0x000002933200b050, 0x000002933200ea40,
0x000002933200f5d0, 0x00000293320101e0, 0x000002933201ceb0, 0x0000029332020670,
0x0000029332021e90, 0x000002933201c820, 0x000002933201c190, 0x000002933201e8f0,
0x000002933201ef80, 0x000002933201e260, 0x000002933201dbd0, 0x0000029333abe8a0,
0x0000029333abd4f0, 0x0000029333abf5c0, 0x0000029333abfc50, 0x0000029333abe210,
0x0000029333abef30, 0x0000029333ac02e0, 0x0000029333abce60, 0x0000029333ac0970,
0x0000029333abdb80, 0x0000029333ac23b0, 0x0000029333ac4480, 0x0000029333ac3df0,
0x0000029333ac1690, 0x0000029333ac30d0, 0x0000029333ac1d20, 0x0000029333ac3760,
0x00000293361a82b0, 0x00000293361a9660, 0x00000293361a7c20, 0x00000293361a9cf0,
0x0000029334626b20, 0x0000029334625e00, 0x0000029334627840, 0x0000029334628560,
0x0000029334625770, 0x000002933462a630, 0x0000029334629910, 0x0000029334628bf0,
0x0000029334629280, 0x0000029334629fa0, 0x000002933462acc0, 0x000002933462b350,
0x0000029334627ed0, 0x000002933462b9e0, 0x000002933462c700, 0x000002933462c070,
0x000002933453fef0, 0x000002933453de20, 0x0000029334540580, 0x000002933453d100,
0x000002933453eb40, 0x000002933453e4b0, 0x000002933453f1d0, 0x000002933453f860,
0x000002933453d790, 0x0000029334544090, 0x0000029334543370, 0x0000029334540c10,
0x0000029334542650, 0x0000029334541fc0, 0x0000029334543a00, 0x0000029334544720,
0x00000293345412a0, 0x0000029334541930, 0x0000029334542ce0, 0x00000293322e9ec0,
0x00000293322e7df0, 0x00000293322e8b10, 0x00000293322eb900, 0x00000293322eed80
}

Java Threads: ( => current thread )
  0x00000293030b0240 JavaThread "main"                              [_thread_blocked, id=25132, stack(0x000000b954b00000,0x000000b954c00000) (1024K)]
  0x00000293320098d0 JavaThread "Reference Handler"          daemon [_thread_blocked, id=10704, stack(0x000000b955300000,0x000000b955400000) (1024K)]
  0x000002933200b050 JavaThread "Finalizer"                  daemon [_thread_blocked, id=18128, stack(0x000000b955400000,0x000000b955500000) (1024K)]
  0x000002933200ea40 JavaThread "Signal Dispatcher"          daemon [_thread_blocked, id=9928, stack(0x000000b955500000,0x000000b955600000) (1024K)]
  0x000002933200f5d0 JavaThread "Attach Listener"            daemon [_thread_blocked, id=26692, stack(0x000000b955600000,0x000000b955700000) (1024K)]
  0x00000293320101e0 JavaThread "Service Thread"             daemon [_thread_blocked, id=22316, stack(0x000000b955700000,0x000000b955800000) (1024K)]
  0x000002933201ceb0 JavaThread "Monitor Deflation Thread"   daemon [_thread_blocked, id=22176, stack(0x000000b955800000,0x000000b955900000) (1024K)]
=>0x0000029332020670 JavaThread "C2 CompilerThread0"         daemon [_thread_in_native, id=6440, stack(0x000000b955900000,0x000000b955a00000) (1024K)]
  0x0000029332021e90 JavaThread "C1 CompilerThread0"         daemon [_thread_blocked, id=14968, stack(0x000000b955a00000,0x000000b955b00000) (1024K)]
  0x000002933201c820 JavaThread "Common-Cleaner"             daemon [_thread_blocked, id=14632, stack(0x000000b955b00000,0x000000b955c00000) (1024K)]
  0x000002933201c190 JavaThread "Notification Thread"        daemon [_thread_blocked, id=31268, stack(0x000000b955c00000,0x000000b955d00000) (1024K)]
  0x000002933201e8f0 JavaThread "Daemon health stats"               [_thread_blocked, id=25960, stack(0x000000b956200000,0x000000b956300000) (1024K)]
  0x000002933201ef80 JavaThread "Incoming local TCP Connector on port 64877"        [_thread_in_native, id=9544, stack(0x000000b956600000,0x000000b956700000) (1024K)]
  0x000002933201e260 JavaThread "Daemon periodic checks"            [_thread_blocked, id=26852, stack(0x000000b956700000,0x000000b956800000) (1024K)]
  0x000002933201dbd0 JavaThread "Daemon"                            [_thread_blocked, id=30788, stack(0x000000b956800000,0x000000b956900000) (1024K)]
  0x0000029333abe8a0 JavaThread "Handler for socket connection from /127.0.0.1:64877 to /127.0.0.1:64879"        [_thread_in_native, id=25840, stack(0x000000b956900000,0x000000b956a00000) (1024K)]
  0x0000029333abd4f0 JavaThread "Cancel handler"                    [_thread_blocked, id=2852, stack(0x000000b956a00000,0x000000b956b00000) (1024K)]
  0x0000029333abf5c0 JavaThread "Daemon worker"                     [_thread_in_native, id=19984, stack(0x000000b956b00000,0x000000b956c00000) (1024K)]
  0x0000029333abfc50 JavaThread "Asynchronous log dispatcher for DefaultDaemonConnection: socket connection from /127.0.0.1:64877 to /127.0.0.1:64879"        [_thread_blocked, id=21768, stack(0x000000b956c00000,0x000000b956d00000) (1024K)]
  0x0000029333abe210 JavaThread "Stdin handler"                     [_thread_blocked, id=23604, stack(0x000000b956d00000,0x000000b956e00000) (1024K)]
  0x0000029333abef30 JavaThread "Daemon client event forwarder"        [_thread_blocked, id=3900, stack(0x000000b956e00000,0x000000b956f00000) (1024K)]
  0x0000029333ac02e0 JavaThread "Cache worker for journal cache (C:\Users\obami\.gradle\caches\journal-1)"        [_thread_blocked, id=18316, stack(0x000000b956f00000,0x000000b957000000) (1024K)]
  0x0000029333abce60 JavaThread "File lock request listener"        [_thread_in_native, id=28508, stack(0x000000b957000000,0x000000b957100000) (1024K)]
  0x0000029333ac0970 JavaThread "Cache worker for file hash cache (C:\Users\obami\.gradle\caches\8.13\fileHashes)"        [_thread_blocked, id=21608, stack(0x000000b957100000,0x000000b957200000) (1024K)]
  0x0000029333abdb80 JavaThread "File lock release action executor"        [_thread_blocked, id=30892, stack(0x000000b957200000,0x000000b957300000) (1024K)]
  0x0000029333ac23b0 JavaThread "Cache worker for file hash cache (C:\Users\obami\Documents\codes\jobs\edvantagemobile-mikes_branch\node_modules\@react-native\gradle-plugin\.gradle\8.13\fileHashes)"        [_thread_blocked, id=27512, stack(0x000000b957600000,0x000000b957700000) (1024K)]
  0x0000029333ac4480 JavaThread "Cache worker for Build Output Cleanup Cache (C:\Users\obami\Documents\codes\jobs\edvantagemobile-mikes_branch\node_modules\@react-native\gradle-plugin\.gradle\buildOutputCleanup)"        [_thread_blocked, id=12272, stack(0x000000b957700000,0x000000b957800000) (1024K)]
  0x0000029333ac3df0 JavaThread "File watcher server"        daemon [_thread_in_native, id=31668, stack(0x000000b957800000,0x000000b957900000) (1024K)]
  0x0000029333ac1690 JavaThread "File watcher consumer"      daemon [_thread_blocked, id=28340, stack(0x000000b957900000,0x000000b957a00000) (1024K)]
  0x0000029333ac30d0 JavaThread "jar transforms"                    [_thread_blocked, id=22388, stack(0x000000b957a00000,0x000000b957b00000) (1024K)]
  0x0000029333ac1d20 JavaThread "jar transforms Thread 2"           [_thread_blocked, id=30304, stack(0x000000b957b00000,0x000000b957c00000) (1024K)]
  0x0000029333ac3760 JavaThread "Cache worker for checksums cache (C:\Users\obami\Documents\codes\jobs\edvantagemobile-mikes_branch\node_modules\@react-native\gradle-plugin\.gradle\8.13\checksums)"        [_thread_blocked, id=3260, stack(0x000000b957c00000,0x000000b957d00000) (1024K)]
  0x00000293361a82b0 JavaThread "Cache worker for file content cache (C:\Users\obami\.gradle\caches\8.13\fileContent)"        [_thread_blocked, id=15464, stack(0x000000b957d00000,0x000000b957e00000) (1024K)]
  0x00000293361a9660 JavaThread "Cache worker for cache directory md-supplier (C:\Users\obami\.gradle\caches\8.13\md-supplier)"        [_thread_blocked, id=10012, stack(0x000000b957e00000,0x000000b957f00000) (1024K)]
  0x00000293361a7c20 JavaThread "Cache worker for cache directory md-rule (C:\Users\obami\.gradle\caches\8.13\md-rule)"        [_thread_blocked, id=31240, stack(0x000000b957f00000,0x000000b958000000) (1024K)]
  0x00000293361a9cf0 JavaThread "Unconstrained build operations"        [_thread_blocked, id=4152, stack(0x000000b958000000,0x000000b958100000) (1024K)]
  0x0000029334626b20 JavaThread "Unconstrained build operations Thread 2"        [_thread_blocked, id=15484, stack(0x000000b958100000,0x000000b958200000) (1024K)]
  0x0000029334625e00 JavaThread "Unconstrained build operations Thread 3"        [_thread_blocked, id=16992, stack(0x000000b958200000,0x000000b958300000) (1024K)]
  0x0000029334627840 JavaThread "Unconstrained build operations Thread 4"        [_thread_blocked, id=27096, stack(0x000000b958300000,0x000000b958400000) (1024K)]
  0x0000029334628560 JavaThread "Unconstrained build operations Thread 5"        [_thread_blocked, id=28556, stack(0x000000b958400000,0x000000b958500000) (1024K)]
  0x0000029334625770 JavaThread "Unconstrained build operations Thread 6"        [_thread_blocked, id=24540, stack(0x000000b958500000,0x000000b958600000) (1024K)]
  0x000002933462a630 JavaThread "Unconstrained build operations Thread 7"        [_thread_blocked, id=20500, stack(0x000000b958600000,0x000000b958700000) (1024K)]
  0x0000029334629910 JavaThread "Unconstrained build operations Thread 8"        [_thread_blocked, id=640, stack(0x000000b958700000,0x000000b958800000) (1024K)]
  0x0000029334628bf0 JavaThread "Unconstrained build operations Thread 9"        [_thread_blocked, id=12664, stack(0x000000b958800000,0x000000b958900000) (1024K)]
  0x0000029334629280 JavaThread "Unconstrained build operations Thread 10"        [_thread_blocked, id=29876, stack(0x000000b958900000,0x000000b958a00000) (1024K)]
  0x0000029334629fa0 JavaThread "Unconstrained build operations Thread 11"        [_thread_blocked, id=22876, stack(0x000000b958a00000,0x000000b958b00000) (1024K)]
  0x000002933462acc0 JavaThread "Unconstrained build operations Thread 12"        [_thread_blocked, id=4772, stack(0x000000b958b00000,0x000000b958c00000) (1024K)]
  0x000002933462b350 JavaThread "Unconstrained build operations Thread 13"        [_thread_blocked, id=29112, stack(0x000000b958c00000,0x000000b958d00000) (1024K)]
  0x0000029334627ed0 JavaThread "Unconstrained build operations Thread 14"        [_thread_blocked, id=8444, stack(0x000000b958d00000,0x000000b958e00000) (1024K)]
  0x000002933462b9e0 JavaThread "Unconstrained build operations Thread 15"        [_thread_blocked, id=24880, stack(0x000000b958e00000,0x000000b958f00000) (1024K)]
  0x000002933462c700 JavaThread "Unconstrained build operations Thread 16"        [_thread_blocked, id=13452, stack(0x000000b958f00000,0x000000b959000000) (1024K)]
  0x000002933462c070 JavaThread "Unconstrained build operations Thread 17"        [_thread_blocked, id=1472, stack(0x000000b959000000,0x000000b959100000) (1024K)]
  0x000002933453fef0 JavaThread "Unconstrained build operations Thread 18"        [_thread_blocked, id=13876, stack(0x000000b959100000,0x000000b959200000) (1024K)]
  0x000002933453de20 JavaThread "Unconstrained build operations Thread 19"        [_thread_blocked, id=28084, stack(0x000000b959200000,0x000000b959300000) (1024K)]
  0x0000029334540580 JavaThread "Unconstrained build operations Thread 20"        [_thread_blocked, id=21856, stack(0x000000b959300000,0x000000b959400000) (1024K)]
  0x000002933453d100 JavaThread "Unconstrained build operations Thread 21"        [_thread_blocked, id=15812, stack(0x000000b959400000,0x000000b959500000) (1024K)]
  0x000002933453eb40 JavaThread "Unconstrained build operations Thread 22"        [_thread_blocked, id=14820, stack(0x000000b959500000,0x000000b959600000) (1024K)]
  0x000002933453e4b0 JavaThread "Unconstrained build operations Thread 23"        [_thread_blocked, id=29036, stack(0x000000b959600000,0x000000b959700000) (1024K)]
  0x000002933453f1d0 JavaThread "Unconstrained build operations Thread 24"        [_thread_blocked, id=8440, stack(0x000000b959700000,0x000000b959800000) (1024K)]
  0x000002933453f860 JavaThread "Unconstrained build operations Thread 25"        [_thread_blocked, id=25032, stack(0x000000b959800000,0x000000b959900000) (1024K)]
  0x000002933453d790 JavaThread "Unconstrained build operations Thread 26"        [_thread_blocked, id=25432, stack(0x000000b959900000,0x000000b959a00000) (1024K)]
  0x0000029334544090 JavaThread "Unconstrained build operations Thread 27"        [_thread_blocked, id=20388, stack(0x000000b959a00000,0x000000b959b00000) (1024K)]
  0x0000029334543370 JavaThread "Unconstrained build operations Thread 28"        [_thread_blocked, id=17932, stack(0x000000b959b00000,0x000000b959c00000) (1024K)]
  0x0000029334540c10 JavaThread "Unconstrained build operations Thread 29"        [_thread_blocked, id=25560, stack(0x000000b959c00000,0x000000b959d00000) (1024K)]
  0x0000029334542650 JavaThread "Unconstrained build operations Thread 30"        [_thread_blocked, id=16116, stack(0x000000b959d00000,0x000000b959e00000) (1024K)]
  0x0000029334541fc0 JavaThread "Unconstrained build operations Thread 31"        [_thread_blocked, id=24376, stack(0x000000b959e00000,0x000000b959f00000) (1024K)]
  0x0000029334543a00 JavaThread "Unconstrained build operations Thread 32"        [_thread_blocked, id=15656, stack(0x000000b959f00000,0x000000b95a000000) (1024K)]
  0x0000029334544720 JavaThread "Unconstrained build operations Thread 33"        [_thread_blocked, id=23124, stack(0x000000b95a000000,0x000000b95a100000) (1024K)]
  0x00000293345412a0 JavaThread "Unconstrained build operations Thread 34"        [_thread_blocked, id=15432, stack(0x000000b95a100000,0x000000b95a200000) (1024K)]
  0x0000029334541930 JavaThread "Unconstrained build operations Thread 35"        [_thread_blocked, id=22632, stack(0x000000b95a200000,0x000000b95a300000) (1024K)]
  0x0000029334542ce0 JavaThread "Unconstrained build operations Thread 36"        [_thread_blocked, id=11828, stack(0x000000b95a300000,0x000000b95a400000) (1024K)]
  0x00000293322e9ec0 JavaThread "Unconstrained build operations Thread 37"        [_thread_blocked, id=9760, stack(0x000000b95a400000,0x000000b95a500000) (1024K)]
  0x00000293322e7df0 JavaThread "Unconstrained build operations Thread 38"        [_thread_blocked, id=22048, stack(0x000000b95a500000,0x000000b95a600000) (1024K)]
  0x00000293322e8b10 JavaThread "Unconstrained build operations Thread 39"        [_thread_blocked, id=28816, stack(0x000000b95a600000,0x000000b95a700000) (1024K)]
  0x00000293322eb900 JavaThread "build event listener"              [_thread_blocked, id=21740, stack(0x000000b95a700000,0x000000b95a800000) (1024K)]
  0x00000293322eed80 JavaThread "Memory manager"                    [_thread_blocked, id=31376, stack(0x000000b954800000,0x000000b954900000) (1024K)]
Total: 76

Other Threads:
  0x0000029318e84fe0 VMThread "VM Thread"                           [id=25592, stack(0x000000b955200000,0x000000b955300000) (1024K)]
  0x0000029318e77f20 WatcherThread "VM Periodic Task Thread"        [id=7960, stack(0x000000b955100000,0x000000b955200000) (1024K)]
  0x00000293030dc850 WorkerThread "GC Thread#0"                     [id=8892, stack(0x000000b954c00000,0x000000b954d00000) (1024K)]
  0x00000293325d4a20 WorkerThread "GC Thread#1"                     [id=31608, stack(0x000000b955d00000,0x000000b955e00000) (1024K)]
  0x00000293325d4dd0 WorkerThread "GC Thread#2"                     [id=10772, stack(0x000000b955e00000,0x000000b955f00000) (1024K)]
  0x000002933267a2d0 WorkerThread "GC Thread#3"                     [id=27064, stack(0x000000b955f00000,0x000000b956000000) (1024K)]
  0x000002933267a680 WorkerThread "GC Thread#4"                     [id=22908, stack(0x000000b956000000,0x000000b956100000) (1024K)]
  0x00000293325ae5d0 WorkerThread "GC Thread#5"                     [id=29716, stack(0x000000b956100000,0x000000b956200000) (1024K)]
  0x0000029333a4ec20 WorkerThread "GC Thread#6"                     [id=30696, stack(0x000000b956300000,0x000000b956400000) (1024K)]
  0x0000029333a4efd0 WorkerThread "GC Thread#7"                     [id=30032, stack(0x000000b956400000,0x000000b956500000) (1024K)]
  0x0000029333a4f380 WorkerThread "GC Thread#8"                     [id=18312, stack(0x000000b956500000,0x000000b956600000) (1024K)]
  0x0000029334ad4940 WorkerThread "GC Thread#9"                     [id=31604, stack(0x000000b957300000,0x000000b957400000) (1024K)]
  0x00000293030e1f60 ConcurrentGCThread "G1 Main Marker"            [id=24668, stack(0x000000b954d00000,0x000000b954e00000) (1024K)]
  0x00000293030e5e30 WorkerThread "G1 Conc#0"                       [id=3204, stack(0x000000b954e00000,0x000000b954f00000) (1024K)]
  0x0000029334ad5800 WorkerThread "G1 Conc#1"                       [id=25696, stack(0x000000b957400000,0x000000b957500000) (1024K)]
  0x0000029334ad5450 WorkerThread "G1 Conc#2"                       [id=30792, stack(0x000000b957500000,0x000000b957600000) (1024K)]
  0x0000029318d41250 ConcurrentGCThread "G1 Refine#0"               [id=22856, stack(0x000000b954f00000,0x000000b955000000) (1024K)]
  0x0000029318d41ce0 ConcurrentGCThread "G1 Service"                [id=3816, stack(0x000000b955000000,0x000000b955100000) (1024K)]
Total: 18

Threads with active compile tasks:
C2 CompilerThread0  35928 7815   !   4       com.google.common.reflect.TypeVisitor::visit (225 bytes)
Total: 1

VM state: not at safepoint (normal execution)

VM Mutex/Monitor currently owned by a thread: None

Heap address: 0x00000000e0000000, size: 512 MB, Compressed Oops mode: 32-bit

CDS archive(s) mapped at: [0x0000029319000000-0x0000029319ba0000-0x0000029319ba0000), size 12189696, SharedBaseAddress: 0x0000029319000000, ArchiveRelocationMode: 1.
Compressed class space mapped at: 0x000002931a000000-0x000002932e000000, reserved size: 335544320
Narrow klass base: 0x0000029319000000, Narrow klass shift: 0, Narrow klass range: 0x100000000

GC Precious Log:
 CardTable entry size: 512
 Card Set container configuration: InlinePtr #cards 5 size 8 Array Of Cards #cards 12 size 40 Howl #buckets 4 coarsen threshold 1843 Howl Bitmap #cards 512 size 80 coarsen threshold 460 Card regions per heap region 1 cards per card region 2048
 CPUs: 12 total, 12 available
 Memory: 7865M
 Large Page Support: Disabled
 NUMA Support: Disabled
 Compressed Oops: Enabled (32-bit)
 Heap Region Size: 1M
 Heap Min Capacity: 256M
 Heap Initial Capacity: 256M
 Heap Max Capacity: 512M
 Pre-touch: Disabled
 Parallel Workers: 10
 Concurrent Workers: 3
 Concurrent Refinement Workers: 10
 Periodic GC: Disabled

Heap:
 garbage-first heap   total 262144K, used 115364K [0x00000000e0000000, 0x0000000100000000)
  region size 1024K, 70 young (71680K), 11 survivors (11264K)
 Metaspace       used 64832K, committed 66816K, reserved 393216K
  class space    used 9405K, committed 10368K, reserved 327680K

Heap Regions: E=young(eden), S=young(survivor), O=old, HS=humongous(starts), HC=humongous(continues), CS=collection set, F=free, TAMS=top-at-mark-start, PB=parsable bottom
|   0|0x00000000e0000000, 0x00000000e0100000, 0x00000000e0100000|100%|HS|  |TAMS 0x00000000e0000000| PB 0x00000000e0000000| Complete 
|   1|0x00000000e0100000, 0x00000000e0200000, 0x00000000e0200000|100%|HC|  |TAMS 0x00000000e0100000| PB 0x00000000e0100000| Complete 
|   2|0x00000000e0200000, 0x00000000e0300000, 0x00000000e0300000|100%|HC|  |TAMS 0x00000000e0200000| PB 0x00000000e0200000| Complete 
|   3|0x00000000e0300000, 0x00000000e0400000, 0x00000000e0400000|100%| O|  |TAMS 0x00000000e0300000| PB 0x00000000e0300000| Untracked 
|   4|0x00000000e0400000, 0x00000000e0500000, 0x00000000e0500000|100%| O|  |TAMS 0x00000000e0400000| PB 0x00000000e0400000| Untracked 
|   5|0x00000000e0500000, 0x00000000e0600000, 0x00000000e0600000|100%| O|  |TAMS 0x00000000e0500000| PB 0x00000000e0500000| Untracked 
|   6|0x00000000e0600000, 0x00000000e0700000, 0x00000000e0700000|100%|HS|  |TAMS 0x00000000e0600000| PB 0x00000000e0600000| Complete 
|   7|0x00000000e0700000, 0x00000000e0800000, 0x00000000e0800000|100%| O|  |TAMS 0x00000000e0700000| PB 0x00000000e0700000| Untracked 
|   8|0x00000000e0800000, 0x00000000e0900000, 0x00000000e0900000|100%| O|  |TAMS 0x00000000e0800000| PB 0x00000000e0800000| Untracked 
|   9|0x00000000e0900000, 0x00000000e0a00000, 0x00000000e0a00000|100%| O|  |TAMS 0x00000000e0900000| PB 0x00000000e0900000| Untracked 
|  10|0x00000000e0a00000, 0x00000000e0b00000, 0x00000000e0b00000|100%| O|  |TAMS 0x00000000e0a00000| PB 0x00000000e0a00000| Untracked 
|  11|0x00000000e0b00000, 0x00000000e0c00000, 0x00000000e0c00000|100%| O|  |TAMS 0x00000000e0b00000| PB 0x00000000e0b00000| Untracked 
|  12|0x00000000e0c00000, 0x00000000e0d00000, 0x00000000e0d00000|100%| O|  |TAMS 0x00000000e0c00000| PB 0x00000000e0c00000| Untracked 
|  13|0x00000000e0d00000, 0x00000000e0e00000, 0x00000000e0e00000|100%| O|  |TAMS 0x00000000e0d00000| PB 0x00000000e0d00000| Untracked 
|  14|0x00000000e0e00000, 0x00000000e0f00000, 0x00000000e0f00000|100%| O|  |TAMS 0x00000000e0e00000| PB 0x00000000e0e00000| Untracked 
|  15|0x00000000e0f00000, 0x00000000e1000000, 0x00000000e1000000|100%| O|  |TAMS 0x00000000e0f00000| PB 0x00000000e0f00000| Untracked 
|  16|0x00000000e1000000, 0x00000000e1100000, 0x00000000e1100000|100%| O|  |TAMS 0x00000000e1000000| PB 0x00000000e1000000| Untracked 
|  17|0x00000000e1100000, 0x00000000e1200000, 0x00000000e1200000|100%| O|  |TAMS 0x00000000e1100000| PB 0x00000000e1100000| Untracked 
|  18|0x00000000e1200000, 0x00000000e1300000, 0x00000000e1300000|100%| O|  |TAMS 0x00000000e1200000| PB 0x00000000e1200000| Untracked 
|  19|0x00000000e1300000, 0x00000000e1400000, 0x00000000e1400000|100%| O|  |TAMS 0x00000000e1300000| PB 0x00000000e1300000| Untracked 
|  20|0x00000000e1400000, 0x00000000e1500000, 0x00000000e1500000|100%| O|  |TAMS 0x00000000e1400000| PB 0x00000000e1400000| Untracked 
|  21|0x00000000e1500000, 0x00000000e1600000, 0x00000000e1600000|100%| O|  |TAMS 0x00000000e1500000| PB 0x00000000e1500000| Untracked 
|  22|0x00000000e1600000, 0x00000000e1700000, 0x00000000e1700000|100%| O|  |TAMS 0x00000000e1600000| PB 0x00000000e1600000| Untracked 
|  23|0x00000000e1700000, 0x00000000e1800000, 0x00000000e1800000|100%| O|  |TAMS 0x00000000e1700000| PB 0x00000000e1700000| Untracked 
|  24|0x00000000e1800000, 0x00000000e1900000, 0x00000000e1900000|100%| O|  |TAMS 0x00000000e1800000| PB 0x00000000e1800000| Untracked 
|  25|0x00000000e1900000, 0x00000000e1a00000, 0x00000000e1a00000|100%|HS|  |TAMS 0x00000000e1900000| PB 0x00000000e1900000| Complete 
|  26|0x00000000e1a00000, 0x00000000e1b00000, 0x00000000e1b00000|100%|HC|  |TAMS 0x00000000e1a00000| PB 0x00000000e1a00000| Complete 
|  27|0x00000000e1b00000, 0x00000000e1c00000, 0x00000000e1c00000|100%|HS|  |TAMS 0x00000000e1b00000| PB 0x00000000e1b00000| Complete 
|  28|0x00000000e1c00000, 0x00000000e1d00000, 0x00000000e1d00000|100%|HC|  |TAMS 0x00000000e1c00000| PB 0x00000000e1c00000| Complete 
|  29|0x00000000e1d00000, 0x00000000e1e00000, 0x00000000e1e00000|100%|HC|  |TAMS 0x00000000e1d00000| PB 0x00000000e1d00000| Complete 
|  30|0x00000000e1e00000, 0x00000000e1f00000, 0x00000000e1f00000|100%|HS|  |TAMS 0x00000000e1e00000| PB 0x00000000e1e00000| Complete 
|  31|0x00000000e1f00000, 0x00000000e2000000, 0x00000000e2000000|100%|HC|  |TAMS 0x00000000e1f00000| PB 0x00000000e1f00000| Complete 
|  32|0x00000000e2000000, 0x00000000e2100000, 0x00000000e2100000|100%| O|  |TAMS 0x00000000e2000000| PB 0x00000000e2000000| Untracked 
|  33|0x00000000e2100000, 0x00000000e2200000, 0x00000000e2200000|100%| O|  |TAMS 0x00000000e2100000| PB 0x00000000e2100000| Untracked 
|  34|0x00000000e2200000, 0x00000000e2300000, 0x00000000e2300000|100%| O|  |TAMS 0x00000000e2200000| PB 0x00000000e2200000| Untracked 
|  35|0x00000000e2300000, 0x00000000e2400000, 0x00000000e2400000|100%| O|  |TAMS 0x00000000e2300000| PB 0x00000000e2300000| Untracked 
|  36|0x00000000e2400000, 0x00000000e2500000, 0x00000000e2500000|100%| O|  |TAMS 0x00000000e2400000| PB 0x00000000e2400000| Untracked 
|  37|0x00000000e2500000, 0x00000000e2600000, 0x00000000e2600000|100%| O|  |TAMS 0x00000000e2500000| PB 0x00000000e2500000| Untracked 
|  38|0x00000000e2600000, 0x00000000e2700000, 0x00000000e2700000|100%| O|Cm|TAMS 0x00000000e2600000| PB 0x00000000e2600000| Complete 
|  39|0x00000000e2700000, 0x00000000e2800000, 0x00000000e2800000|100%| O|  |TAMS 0x00000000e2700000| PB 0x00000000e2700000| Untracked 
|  40|0x00000000e2800000, 0x00000000e2900000, 0x00000000e2900000|100%| O|  |TAMS 0x00000000e2800000| PB 0x00000000e2800000| Untracked 
|  41|0x00000000e2900000, 0x00000000e2a00000, 0x00000000e2a00000|100%| O|  |TAMS 0x00000000e2900000| PB 0x00000000e2900000| Untracked 
|  42|0x00000000e2a00000, 0x00000000e2b00000, 0x00000000e2b00000|100%| O|  |TAMS 0x00000000e2a00000| PB 0x00000000e2a00000| Untracked 
|  43|0x00000000e2b00000, 0x00000000e2bd3f80, 0x00000000e2c00000| 82%| O|  |TAMS 0x00000000e2b00000| PB 0x00000000e2b00000| Untracked 
|  44|0x00000000e2c00000, 0x00000000e2c00000, 0x00000000e2d00000|  0%| F|  |TAMS 0x00000000e2c00000| PB 0x00000000e2c00000| Untracked 
|  45|0x00000000e2d00000, 0x00000000e2d00000, 0x00000000e2e00000|  0%| F|  |TAMS 0x00000000e2d00000| PB 0x00000000e2d00000| Untracked 
|  46|0x00000000e2e00000, 0x00000000e2e00000, 0x00000000e2f00000|  0%| F|  |TAMS 0x00000000e2e00000| PB 0x00000000e2e00000| Untracked 
|  47|0x00000000e2f00000, 0x00000000e2f00000, 0x00000000e3000000|  0%| F|  |TAMS 0x00000000e2f00000| PB 0x00000000e2f00000| Untracked 
|  48|0x00000000e3000000, 0x00000000e3000000, 0x00000000e3100000|  0%| F|  |TAMS 0x00000000e3000000| PB 0x00000000e3000000| Untracked 
|  49|0x00000000e3100000, 0x00000000e3100000, 0x00000000e3200000|  0%| F|  |TAMS 0x00000000e3100000| PB 0x00000000e3100000| Untracked 
|  50|0x00000000e3200000, 0x00000000e3200000, 0x00000000e3300000|  0%| F|  |TAMS 0x00000000e3200000| PB 0x00000000e3200000| Untracked 
|  51|0x00000000e3300000, 0x00000000e3300000, 0x00000000e3400000|  0%| F|  |TAMS 0x00000000e3300000| PB 0x00000000e3300000| Untracked 
|  52|0x00000000e3400000, 0x00000000e3400000, 0x00000000e3500000|  0%| F|  |TAMS 0x00000000e3400000| PB 0x00000000e3400000| Untracked 
|  53|0x00000000e3500000, 0x00000000e3500000, 0x00000000e3600000|  0%| F|  |TAMS 0x00000000e3500000| PB 0x00000000e3500000| Untracked 
|  54|0x00000000e3600000, 0x00000000e3600000, 0x00000000e3700000|  0%| F|  |TAMS 0x00000000e3600000| PB 0x00000000e3600000| Untracked 
|  55|0x00000000e3700000, 0x00000000e3700000, 0x00000000e3800000|  0%| F|  |TAMS 0x00000000e3700000| PB 0x00000000e3700000| Untracked 
|  56|0x00000000e3800000, 0x00000000e3800000, 0x00000000e3900000|  0%| F|  |TAMS 0x00000000e3800000| PB 0x00000000e3800000| Untracked 
|  57|0x00000000e3900000, 0x00000000e3900000, 0x00000000e3a00000|  0%| F|  |TAMS 0x00000000e3900000| PB 0x00000000e3900000| Untracked 
|  58|0x00000000e3a00000, 0x00000000e3a00000, 0x00000000e3b00000|  0%| F|  |TAMS 0x00000000e3a00000| PB 0x00000000e3a00000| Untracked 
|  59|0x00000000e3b00000, 0x00000000e3b00000, 0x00000000e3c00000|  0%| F|  |TAMS 0x00000000e3b00000| PB 0x00000000e3b00000| Untracked 
|  60|0x00000000e3c00000, 0x00000000e3c00000, 0x00000000e3d00000|  0%| F|  |TAMS 0x00000000e3c00000| PB 0x00000000e3c00000| Untracked 
|  61|0x00000000e3d00000, 0x00000000e3d00000, 0x00000000e3e00000|  0%| F|  |TAMS 0x00000000e3d00000| PB 0x00000000e3d00000| Untracked 
|  62|0x00000000e3e00000, 0x00000000e3e00000, 0x00000000e3f00000|  0%| F|  |TAMS 0x00000000e3e00000| PB 0x00000000e3e00000| Untracked 
|  63|0x00000000e3f00000, 0x00000000e3f00000, 0x00000000e4000000|  0%| F|  |TAMS 0x00000000e3f00000| PB 0x00000000e3f00000| Untracked 
|  64|0x00000000e4000000, 0x00000000e4000000, 0x00000000e4100000|  0%| F|  |TAMS 0x00000000e4000000| PB 0x00000000e4000000| Untracked 
|  65|0x00000000e4100000, 0x00000000e4100000, 0x00000000e4200000|  0%| F|  |TAMS 0x00000000e4100000| PB 0x00000000e4100000| Untracked 
|  66|0x00000000e4200000, 0x00000000e4200000, 0x00000000e4300000|  0%| F|  |TAMS 0x00000000e4200000| PB 0x00000000e4200000| Untracked 
|  67|0x00000000e4300000, 0x00000000e4300000, 0x00000000e4400000|  0%| F|  |TAMS 0x00000000e4300000| PB 0x00000000e4300000| Untracked 
|  68|0x00000000e4400000, 0x00000000e4400000, 0x00000000e4500000|  0%| F|  |TAMS 0x00000000e4400000| PB 0x00000000e4400000| Untracked 
|  69|0x00000000e4500000, 0x00000000e4500000, 0x00000000e4600000|  0%| F|  |TAMS 0x00000000e4500000| PB 0x00000000e4500000| Untracked 
|  70|0x00000000e4600000, 0x00000000e4600000, 0x00000000e4700000|  0%| F|  |TAMS 0x00000000e4600000| PB 0x00000000e4600000| Untracked 
|  71|0x00000000e4700000, 0x00000000e4700000, 0x00000000e4800000|  0%| F|  |TAMS 0x00000000e4700000| PB 0x00000000e4700000| Untracked 
|  72|0x00000000e4800000, 0x00000000e4800000, 0x00000000e4900000|  0%| F|  |TAMS 0x00000000e4800000| PB 0x00000000e4800000| Untracked 
|  73|0x00000000e4900000, 0x00000000e4900000, 0x00000000e4a00000|  0%| F|  |TAMS 0x00000000e4900000| PB 0x00000000e4900000| Untracked 
|  74|0x00000000e4a00000, 0x00000000e4a00000, 0x00000000e4b00000|  0%| F|  |TAMS 0x00000000e4a00000| PB 0x00000000e4a00000| Untracked 
|  75|0x00000000e4b00000, 0x00000000e4b00000, 0x00000000e4c00000|  0%| F|  |TAMS 0x00000000e4b00000| PB 0x00000000e4b00000| Untracked 
|  76|0x00000000e4c00000, 0x00000000e4c00000, 0x00000000e4d00000|  0%| F|  |TAMS 0x00000000e4c00000| PB 0x00000000e4c00000| Untracked 
|  77|0x00000000e4d00000, 0x00000000e4d00000, 0x00000000e4e00000|  0%| F|  |TAMS 0x00000000e4d00000| PB 0x00000000e4d00000| Untracked 
|  78|0x00000000e4e00000, 0x00000000e4e00000, 0x00000000e4f00000|  0%| F|  |TAMS 0x00000000e4e00000| PB 0x00000000e4e00000| Untracked 
|  79|0x00000000e4f00000, 0x00000000e4f00000, 0x00000000e5000000|  0%| F|  |TAMS 0x00000000e4f00000| PB 0x00000000e4f00000| Untracked 
|  80|0x00000000e5000000, 0x00000000e5000000, 0x00000000e5100000|  0%| F|  |TAMS 0x00000000e5000000| PB 0x00000000e5000000| Untracked 
|  81|0x00000000e5100000, 0x00000000e5100000, 0x00000000e5200000|  0%| F|  |TAMS 0x00000000e5100000| PB 0x00000000e5100000| Untracked 
|  82|0x00000000e5200000, 0x00000000e5200000, 0x00000000e5300000|  0%| F|  |TAMS 0x00000000e5200000| PB 0x00000000e5200000| Untracked 
|  83|0x00000000e5300000, 0x00000000e5300000, 0x00000000e5400000|  0%| F|  |TAMS 0x00000000e5300000| PB 0x00000000e5300000| Untracked 
|  84|0x00000000e5400000, 0x00000000e5400000, 0x00000000e5500000|  0%| F|  |TAMS 0x00000000e5400000| PB 0x00000000e5400000| Untracked 
|  85|0x00000000e5500000, 0x00000000e5500000, 0x00000000e5600000|  0%| F|  |TAMS 0x00000000e5500000| PB 0x00000000e5500000| Untracked 
|  86|0x00000000e5600000, 0x00000000e5600000, 0x00000000e5700000|  0%| F|  |TAMS 0x00000000e5600000| PB 0x00000000e5600000| Untracked 
|  87|0x00000000e5700000, 0x00000000e5700000, 0x00000000e5800000|  0%| F|  |TAMS 0x00000000e5700000| PB 0x00000000e5700000| Untracked 
|  88|0x00000000e5800000, 0x00000000e5800000, 0x00000000e5900000|  0%| F|  |TAMS 0x00000000e5800000| PB 0x00000000e5800000| Untracked 
|  89|0x00000000e5900000, 0x00000000e5900000, 0x00000000e5a00000|  0%| F|  |TAMS 0x00000000e5900000| PB 0x00000000e5900000| Untracked 
|  90|0x00000000e5a00000, 0x00000000e5a00000, 0x00000000e5b00000|  0%| F|  |TAMS 0x00000000e5a00000| PB 0x00000000e5a00000| Untracked 
|  91|0x00000000e5b00000, 0x00000000e5b00000, 0x00000000e5c00000|  0%| F|  |TAMS 0x00000000e5b00000| PB 0x00000000e5b00000| Untracked 
|  92|0x00000000e5c00000, 0x00000000e5c00000, 0x00000000e5d00000|  0%| F|  |TAMS 0x00000000e5c00000| PB 0x00000000e5c00000| Untracked 
|  93|0x00000000e5d00000, 0x00000000e5d00000, 0x00000000e5e00000|  0%| F|  |TAMS 0x00000000e5d00000| PB 0x00000000e5d00000| Untracked 
|  94|0x00000000e5e00000, 0x00000000e5e00000, 0x00000000e5f00000|  0%| F|  |TAMS 0x00000000e5e00000| PB 0x00000000e5e00000| Untracked 
|  95|0x00000000e5f00000, 0x00000000e5f00000, 0x00000000e6000000|  0%| F|  |TAMS 0x00000000e5f00000| PB 0x00000000e5f00000| Untracked 
|  96|0x00000000e6000000, 0x00000000e6000000, 0x00000000e6100000|  0%| F|  |TAMS 0x00000000e6000000| PB 0x00000000e6000000| Untracked 
|  97|0x00000000e6100000, 0x00000000e6100000, 0x00000000e6200000|  0%| F|  |TAMS 0x00000000e6100000| PB 0x00000000e6100000| Untracked 
|  98|0x00000000e6200000, 0x00000000e6200000, 0x00000000e6300000|  0%| F|  |TAMS 0x00000000e6200000| PB 0x00000000e6200000| Untracked 
|  99|0x00000000e6300000, 0x00000000e6300000, 0x00000000e6400000|  0%| F|  |TAMS 0x00000000e6300000| PB 0x00000000e6300000| Untracked 
| 100|0x00000000e6400000, 0x00000000e6400000, 0x00000000e6500000|  0%| F|  |TAMS 0x00000000e6400000| PB 0x00000000e6400000| Untracked 
| 101|0x00000000e6500000, 0x00000000e6500000, 0x00000000e6600000|  0%| F|  |TAMS 0x00000000e6500000| PB 0x00000000e6500000| Untracked 
| 102|0x00000000e6600000, 0x00000000e6600000, 0x00000000e6700000|  0%| F|  |TAMS 0x00000000e6600000| PB 0x00000000e6600000| Untracked 
| 103|0x00000000e6700000, 0x00000000e6700000, 0x00000000e6800000|  0%| F|  |TAMS 0x00000000e6700000| PB 0x00000000e6700000| Untracked 
| 104|0x00000000e6800000, 0x00000000e6800000, 0x00000000e6900000|  0%| F|  |TAMS 0x00000000e6800000| PB 0x00000000e6800000| Untracked 
| 105|0x00000000e6900000, 0x00000000e6900000, 0x00000000e6a00000|  0%| F|  |TAMS 0x00000000e6900000| PB 0x00000000e6900000| Untracked 
| 106|0x00000000e6a00000, 0x00000000e6a00000, 0x00000000e6b00000|  0%| F|  |TAMS 0x00000000e6a00000| PB 0x00000000e6a00000| Untracked 
| 107|0x00000000e6b00000, 0x00000000e6b00000, 0x00000000e6c00000|  0%| F|  |TAMS 0x00000000e6b00000| PB 0x00000000e6b00000| Untracked 
| 108|0x00000000e6c00000, 0x00000000e6c00000, 0x00000000e6d00000|  0%| F|  |TAMS 0x00000000e6c00000| PB 0x00000000e6c00000| Untracked 
| 109|0x00000000e6d00000, 0x00000000e6d00000, 0x00000000e6e00000|  0%| F|  |TAMS 0x00000000e6d00000| PB 0x00000000e6d00000| Untracked 
| 110|0x00000000e6e00000, 0x00000000e6e00000, 0x00000000e6f00000|  0%| F|  |TAMS 0x00000000e6e00000| PB 0x00000000e6e00000| Untracked 
| 111|0x00000000e6f00000, 0x00000000e6f00000, 0x00000000e7000000|  0%| F|  |TAMS 0x00000000e6f00000| PB 0x00000000e6f00000| Untracked 
| 112|0x00000000e7000000, 0x00000000e7000000, 0x00000000e7100000|  0%| F|  |TAMS 0x00000000e7000000| PB 0x00000000e7000000| Untracked 
| 113|0x00000000e7100000, 0x00000000e7100000, 0x00000000e7200000|  0%| F|  |TAMS 0x00000000e7100000| PB 0x00000000e7100000| Untracked 
| 114|0x00000000e7200000, 0x00000000e7200000, 0x00000000e7300000|  0%| F|  |TAMS 0x00000000e7200000| PB 0x00000000e7200000| Untracked 
| 115|0x00000000e7300000, 0x00000000e7300000, 0x00000000e7400000|  0%| F|  |TAMS 0x00000000e7300000| PB 0x00000000e7300000| Untracked 
| 116|0x00000000e7400000, 0x00000000e7400000, 0x00000000e7500000|  0%| F|  |TAMS 0x00000000e7400000| PB 0x00000000e7400000| Untracked 
| 117|0x00000000e7500000, 0x00000000e7500000, 0x00000000e7600000|  0%| F|  |TAMS 0x00000000e7500000| PB 0x00000000e7500000| Untracked 
| 118|0x00000000e7600000, 0x00000000e7600000, 0x00000000e7700000|  0%| F|  |TAMS 0x00000000e7600000| PB 0x00000000e7600000| Untracked 
| 119|0x00000000e7700000, 0x00000000e7700000, 0x00000000e7800000|  0%| F|  |TAMS 0x00000000e7700000| PB 0x00000000e7700000| Untracked 
| 120|0x00000000e7800000, 0x00000000e7800000, 0x00000000e7900000|  0%| F|  |TAMS 0x00000000e7800000| PB 0x00000000e7800000| Untracked 
| 121|0x00000000e7900000, 0x00000000e7900000, 0x00000000e7a00000|  0%| F|  |TAMS 0x00000000e7900000| PB 0x00000000e7900000| Untracked 
| 122|0x00000000e7a00000, 0x00000000e7a00000, 0x00000000e7b00000|  0%| F|  |TAMS 0x00000000e7a00000| PB 0x00000000e7a00000| Untracked 
| 123|0x00000000e7b00000, 0x00000000e7b00000, 0x00000000e7c00000|  0%| F|  |TAMS 0x00000000e7b00000| PB 0x00000000e7b00000| Untracked 
| 124|0x00000000e7c00000, 0x00000000e7c00000, 0x00000000e7d00000|  0%| F|  |TAMS 0x00000000e7c00000| PB 0x00000000e7c00000| Untracked 
| 125|0x00000000e7d00000, 0x00000000e7d00000, 0x00000000e7e00000|  0%| F|  |TAMS 0x00000000e7d00000| PB 0x00000000e7d00000| Untracked 
| 126|0x00000000e7e00000, 0x00000000e7e00000, 0x00000000e7f00000|  0%| F|  |TAMS 0x00000000e7e00000| PB 0x00000000e7e00000| Untracked 
| 127|0x00000000e7f00000, 0x00000000e7f00000, 0x00000000e8000000|  0%| F|  |TAMS 0x00000000e7f00000| PB 0x00000000e7f00000| Untracked 
| 128|0x00000000e8000000, 0x00000000e8000000, 0x00000000e8100000|  0%| F|  |TAMS 0x00000000e8000000| PB 0x00000000e8000000| Untracked 
| 129|0x00000000e8100000, 0x00000000e8100000, 0x00000000e8200000|  0%| F|  |TAMS 0x00000000e8100000| PB 0x00000000e8100000| Untracked 
| 130|0x00000000e8200000, 0x00000000e8200000, 0x00000000e8300000|  0%| F|  |TAMS 0x00000000e8200000| PB 0x00000000e8200000| Untracked 
| 131|0x00000000e8300000, 0x00000000e8300000, 0x00000000e8400000|  0%| F|  |TAMS 0x00000000e8300000| PB 0x00000000e8300000| Untracked 
| 132|0x00000000e8400000, 0x00000000e8400000, 0x00000000e8500000|  0%| F|  |TAMS 0x00000000e8400000| PB 0x00000000e8400000| Untracked 
| 133|0x00000000e8500000, 0x00000000e8500000, 0x00000000e8600000|  0%| F|  |TAMS 0x00000000e8500000| PB 0x00000000e8500000| Untracked 
| 134|0x00000000e8600000, 0x00000000e8600000, 0x00000000e8700000|  0%| F|  |TAMS 0x00000000e8600000| PB 0x00000000e8600000| Untracked 
| 135|0x00000000e8700000, 0x00000000e8700000, 0x00000000e8800000|  0%| F|  |TAMS 0x00000000e8700000| PB 0x00000000e8700000| Untracked 
| 136|0x00000000e8800000, 0x00000000e8800000, 0x00000000e8900000|  0%| F|  |TAMS 0x00000000e8800000| PB 0x00000000e8800000| Untracked 
| 137|0x00000000e8900000, 0x00000000e8900000, 0x00000000e8a00000|  0%| F|  |TAMS 0x00000000e8900000| PB 0x00000000e8900000| Untracked 
| 138|0x00000000e8a00000, 0x00000000e8a00000, 0x00000000e8b00000|  0%| F|  |TAMS 0x00000000e8a00000| PB 0x00000000e8a00000| Untracked 
| 139|0x00000000e8b00000, 0x00000000e8b00000, 0x00000000e8c00000|  0%| F|  |TAMS 0x00000000e8b00000| PB 0x00000000e8b00000| Untracked 
| 140|0x00000000e8c00000, 0x00000000e8c00000, 0x00000000e8d00000|  0%| F|  |TAMS 0x00000000e8c00000| PB 0x00000000e8c00000| Untracked 
| 141|0x00000000e8d00000, 0x00000000e8d00000, 0x00000000e8e00000|  0%| F|  |TAMS 0x00000000e8d00000| PB 0x00000000e8d00000| Untracked 
| 142|0x00000000e8e00000, 0x00000000e8e00000, 0x00000000e8f00000|  0%| F|  |TAMS 0x00000000e8e00000| PB 0x00000000e8e00000| Untracked 
| 143|0x00000000e8f00000, 0x00000000e8f00000, 0x00000000e9000000|  0%| F|  |TAMS 0x00000000e8f00000| PB 0x00000000e8f00000| Untracked 
| 144|0x00000000e9000000, 0x00000000e9000000, 0x00000000e9100000|  0%| F|  |TAMS 0x00000000e9000000| PB 0x00000000e9000000| Untracked 
| 145|0x00000000e9100000, 0x00000000e9100000, 0x00000000e9200000|  0%| F|  |TAMS 0x00000000e9100000| PB 0x00000000e9100000| Untracked 
| 146|0x00000000e9200000, 0x00000000e9200000, 0x00000000e9300000|  0%| F|  |TAMS 0x00000000e9200000| PB 0x00000000e9200000| Untracked 
| 147|0x00000000e9300000, 0x00000000e9300000, 0x00000000e9400000|  0%| F|  |TAMS 0x00000000e9300000| PB 0x00000000e9300000| Untracked 
| 148|0x00000000e9400000, 0x00000000e9400000, 0x00000000e9500000|  0%| F|  |TAMS 0x00000000e9400000| PB 0x00000000e9400000| Untracked 
| 149|0x00000000e9500000, 0x00000000e9500000, 0x00000000e9600000|  0%| F|  |TAMS 0x00000000e9500000| PB 0x00000000e9500000| Untracked 
| 150|0x00000000e9600000, 0x00000000e9600000, 0x00000000e9700000|  0%| F|  |TAMS 0x00000000e9600000| PB 0x00000000e9600000| Untracked 
| 151|0x00000000e9700000, 0x00000000e9700000, 0x00000000e9800000|  0%| F|  |TAMS 0x00000000e9700000| PB 0x00000000e9700000| Untracked 
| 152|0x00000000e9800000, 0x00000000e9800000, 0x00000000e9900000|  0%| F|  |TAMS 0x00000000e9800000| PB 0x00000000e9800000| Untracked 
| 153|0x00000000e9900000, 0x00000000e9900000, 0x00000000e9a00000|  0%| F|  |TAMS 0x00000000e9900000| PB 0x00000000e9900000| Untracked 
| 154|0x00000000e9a00000, 0x00000000e9a00000, 0x00000000e9b00000|  0%| F|  |TAMS 0x00000000e9a00000| PB 0x00000000e9a00000| Untracked 
| 155|0x00000000e9b00000, 0x00000000e9b00000, 0x00000000e9c00000|  0%| F|  |TAMS 0x00000000e9b00000| PB 0x00000000e9b00000| Untracked 
| 156|0x00000000e9c00000, 0x00000000e9c00000, 0x00000000e9d00000|  0%| F|  |TAMS 0x00000000e9c00000| PB 0x00000000e9c00000| Untracked 
| 157|0x00000000e9d00000, 0x00000000e9d00000, 0x00000000e9e00000|  0%| F|  |TAMS 0x00000000e9d00000| PB 0x00000000e9d00000| Untracked 
| 158|0x00000000e9e00000, 0x00000000e9e00000, 0x00000000e9f00000|  0%| F|  |TAMS 0x00000000e9e00000| PB 0x00000000e9e00000| Untracked 
| 159|0x00000000e9f00000, 0x00000000e9f00000, 0x00000000ea000000|  0%| F|  |TAMS 0x00000000e9f00000| PB 0x00000000e9f00000| Untracked 
| 160|0x00000000ea000000, 0x00000000ea000000, 0x00000000ea100000|  0%| F|  |TAMS 0x00000000ea000000| PB 0x00000000ea000000| Untracked 
| 161|0x00000000ea100000, 0x00000000ea100000, 0x00000000ea200000|  0%| F|  |TAMS 0x00000000ea100000| PB 0x00000000ea100000| Untracked 
| 162|0x00000000ea200000, 0x00000000ea200000, 0x00000000ea300000|  0%| F|  |TAMS 0x00000000ea200000| PB 0x00000000ea200000| Untracked 
| 163|0x00000000ea300000, 0x00000000ea300000, 0x00000000ea400000|  0%| F|  |TAMS 0x00000000ea300000| PB 0x00000000ea300000| Untracked 
| 164|0x00000000ea400000, 0x00000000ea400000, 0x00000000ea500000|  0%| F|  |TAMS 0x00000000ea400000| PB 0x00000000ea400000| Untracked 
| 165|0x00000000ea500000, 0x00000000ea500000, 0x00000000ea600000|  0%| F|  |TAMS 0x00000000ea500000| PB 0x00000000ea500000| Untracked 
| 166|0x00000000ea600000, 0x00000000ea600000, 0x00000000ea700000|  0%| F|  |TAMS 0x00000000ea600000| PB 0x00000000ea600000| Untracked 
| 167|0x00000000ea700000, 0x00000000ea700000, 0x00000000ea800000|  0%| F|  |TAMS 0x00000000ea700000| PB 0x00000000ea700000| Untracked 
| 168|0x00000000ea800000, 0x00000000ea800000, 0x00000000ea900000|  0%| F|  |TAMS 0x00000000ea800000| PB 0x00000000ea800000| Untracked 
| 169|0x00000000ea900000, 0x00000000ea900000, 0x00000000eaa00000|  0%| F|  |TAMS 0x00000000ea900000| PB 0x00000000ea900000| Untracked 
| 170|0x00000000eaa00000, 0x00000000eaa00000, 0x00000000eab00000|  0%| F|  |TAMS 0x00000000eaa00000| PB 0x00000000eaa00000| Untracked 
| 171|0x00000000eab00000, 0x00000000eab00000, 0x00000000eac00000|  0%| F|  |TAMS 0x00000000eab00000| PB 0x00000000eab00000| Untracked 
| 172|0x00000000eac00000, 0x00000000eac00000, 0x00000000ead00000|  0%| F|  |TAMS 0x00000000eac00000| PB 0x00000000eac00000| Untracked 
| 173|0x00000000ead00000, 0x00000000ead00000, 0x00000000eae00000|  0%| F|  |TAMS 0x00000000ead00000| PB 0x00000000ead00000| Untracked 
| 174|0x00000000eae00000, 0x00000000eae00000, 0x00000000eaf00000|  0%| F|  |TAMS 0x00000000eae00000| PB 0x00000000eae00000| Untracked 
| 175|0x00000000eaf00000, 0x00000000eaf00000, 0x00000000eb000000|  0%| F|  |TAMS 0x00000000eaf00000| PB 0x00000000eaf00000| Untracked 
| 176|0x00000000eb000000, 0x00000000eb000000, 0x00000000eb100000|  0%| F|  |TAMS 0x00000000eb000000| PB 0x00000000eb000000| Untracked 
| 177|0x00000000eb100000, 0x00000000eb100000, 0x00000000eb200000|  0%| F|  |TAMS 0x00000000eb100000| PB 0x00000000eb100000| Untracked 
| 178|0x00000000eb200000, 0x00000000eb200000, 0x00000000eb300000|  0%| F|  |TAMS 0x00000000eb200000| PB 0x00000000eb200000| Untracked 
| 179|0x00000000eb300000, 0x00000000eb300000, 0x00000000eb400000|  0%| F|  |TAMS 0x00000000eb300000| PB 0x00000000eb300000| Untracked 
| 180|0x00000000eb400000, 0x00000000eb400000, 0x00000000eb500000|  0%| F|  |TAMS 0x00000000eb400000| PB 0x00000000eb400000| Untracked 
| 181|0x00000000eb500000, 0x00000000eb500000, 0x00000000eb600000|  0%| F|  |TAMS 0x00000000eb500000| PB 0x00000000eb500000| Untracked 
| 182|0x00000000eb600000, 0x00000000eb600000, 0x00000000eb700000|  0%| F|  |TAMS 0x00000000eb600000| PB 0x00000000eb600000| Untracked 
| 183|0x00000000eb700000, 0x00000000eb700000, 0x00000000eb800000|  0%| F|  |TAMS 0x00000000eb700000| PB 0x00000000eb700000| Untracked 
| 184|0x00000000eb800000, 0x00000000eb800000, 0x00000000eb900000|  0%| F|  |TAMS 0x00000000eb800000| PB 0x00000000eb800000| Untracked 
| 185|0x00000000eb900000, 0x00000000eb900000, 0x00000000eba00000|  0%| F|  |TAMS 0x00000000eb900000| PB 0x00000000eb900000| Untracked 
| 186|0x00000000eba00000, 0x00000000eba80000, 0x00000000ebb00000| 50%| E|  |TAMS 0x00000000eba00000| PB 0x00000000eba00000| Complete 
| 187|0x00000000ebb00000, 0x00000000ebc00000, 0x00000000ebc00000|100%| E|CS|TAMS 0x00000000ebb00000| PB 0x00000000ebb00000| Complete 
| 188|0x00000000ebc00000, 0x00000000ebd00000, 0x00000000ebd00000|100%| E|CS|TAMS 0x00000000ebc00000| PB 0x00000000ebc00000| Complete 
| 189|0x00000000ebd00000, 0x00000000ebe00000, 0x00000000ebe00000|100%| E|CS|TAMS 0x00000000ebd00000| PB 0x00000000ebd00000| Complete 
| 190|0x00000000ebe00000, 0x00000000ebf00000, 0x00000000ebf00000|100%| E|CS|TAMS 0x00000000ebe00000| PB 0x00000000ebe00000| Complete 
| 191|0x00000000ebf00000, 0x00000000ec000000, 0x00000000ec000000|100%| E|CS|TAMS 0x00000000ebf00000| PB 0x00000000ebf00000| Complete 
| 192|0x00000000ec000000, 0x00000000ec100000, 0x00000000ec100000|100%| E|CS|TAMS 0x00000000ec000000| PB 0x00000000ec000000| Complete 
| 193|0x00000000ec100000, 0x00000000ec200000, 0x00000000ec200000|100%| E|CS|TAMS 0x00000000ec100000| PB 0x00000000ec100000| Complete 
| 194|0x00000000ec200000, 0x00000000ec300000, 0x00000000ec300000|100%| E|CS|TAMS 0x00000000ec200000| PB 0x00000000ec200000| Complete 
| 195|0x00000000ec300000, 0x00000000ec400000, 0x00000000ec400000|100%| E|CS|TAMS 0x00000000ec300000| PB 0x00000000ec300000| Complete 
| 196|0x00000000ec400000, 0x00000000ec500000, 0x00000000ec500000|100%| E|CS|TAMS 0x00000000ec400000| PB 0x00000000ec400000| Complete 
| 197|0x00000000ec500000, 0x00000000ec600000, 0x00000000ec600000|100%| E|CS|TAMS 0x00000000ec500000| PB 0x00000000ec500000| Complete 
| 198|0x00000000ec600000, 0x00000000ec700000, 0x00000000ec700000|100%| E|CS|TAMS 0x00000000ec600000| PB 0x00000000ec600000| Complete 
| 199|0x00000000ec700000, 0x00000000ec800000, 0x00000000ec800000|100%| E|CS|TAMS 0x00000000ec700000| PB 0x00000000ec700000| Complete 
| 200|0x00000000ec800000, 0x00000000ec900000, 0x00000000ec900000|100%| E|CS|TAMS 0x00000000ec800000| PB 0x00000000ec800000| Complete 
| 201|0x00000000ec900000, 0x00000000eca00000, 0x00000000eca00000|100%| E|CS|TAMS 0x00000000ec900000| PB 0x00000000ec900000| Complete 
| 202|0x00000000eca00000, 0x00000000ecb00000, 0x00000000ecb00000|100%| E|CS|TAMS 0x00000000eca00000| PB 0x00000000eca00000| Complete 
| 203|0x00000000ecb00000, 0x00000000ecc00000, 0x00000000ecc00000|100%| E|CS|TAMS 0x00000000ecb00000| PB 0x00000000ecb00000| Complete 
| 204|0x00000000ecc00000, 0x00000000ecd00000, 0x00000000ecd00000|100%| E|CS|TAMS 0x00000000ecc00000| PB 0x00000000ecc00000| Complete 
| 205|0x00000000ecd00000, 0x00000000ece00000, 0x00000000ece00000|100%| E|CS|TAMS 0x00000000ecd00000| PB 0x00000000ecd00000| Complete 
| 206|0x00000000ece00000, 0x00000000ecf00000, 0x00000000ecf00000|100%| E|CS|TAMS 0x00000000ece00000| PB 0x00000000ece00000| Complete 
| 207|0x00000000ecf00000, 0x00000000ed000000, 0x00000000ed000000|100%| E|CS|TAMS 0x00000000ecf00000| PB 0x00000000ecf00000| Complete 
| 208|0x00000000ed000000, 0x00000000ed100000, 0x00000000ed100000|100%| E|CS|TAMS 0x00000000ed000000| PB 0x00000000ed000000| Complete 
| 209|0x00000000ed100000, 0x00000000ed200000, 0x00000000ed200000|100%| E|CS|TAMS 0x00000000ed100000| PB 0x00000000ed100000| Complete 
| 210|0x00000000ed200000, 0x00000000ed300000, 0x00000000ed300000|100%| E|CS|TAMS 0x00000000ed200000| PB 0x00000000ed200000| Complete 
| 211|0x00000000ed300000, 0x00000000ed400000, 0x00000000ed400000|100%| E|CS|TAMS 0x00000000ed300000| PB 0x00000000ed300000| Complete 
| 212|0x00000000ed400000, 0x00000000ed500000, 0x00000000ed500000|100%| E|CS|TAMS 0x00000000ed400000| PB 0x00000000ed400000| Complete 
| 213|0x00000000ed500000, 0x00000000ed600000, 0x00000000ed600000|100%| E|CS|TAMS 0x00000000ed500000| PB 0x00000000ed500000| Complete 
| 214|0x00000000ed600000, 0x00000000ed700000, 0x00000000ed700000|100%| E|CS|TAMS 0x00000000ed600000| PB 0x00000000ed600000| Complete 
| 215|0x00000000ed700000, 0x00000000ed800000, 0x00000000ed800000|100%| E|CS|TAMS 0x00000000ed700000| PB 0x00000000ed700000| Complete 
| 216|0x00000000ed800000, 0x00000000ed900000, 0x00000000ed900000|100%| E|CS|TAMS 0x00000000ed800000| PB 0x00000000ed800000| Complete 
| 217|0x00000000ed900000, 0x00000000eda00000, 0x00000000eda00000|100%| E|CS|TAMS 0x00000000ed900000| PB 0x00000000ed900000| Complete 
| 218|0x00000000eda00000, 0x00000000edb00000, 0x00000000edb00000|100%| E|CS|TAMS 0x00000000eda00000| PB 0x00000000eda00000| Complete 
| 219|0x00000000edb00000, 0x00000000edc00000, 0x00000000edc00000|100%| E|CS|TAMS 0x00000000edb00000| PB 0x00000000edb00000| Complete 
| 220|0x00000000edc00000, 0x00000000edd00000, 0x00000000edd00000|100%| E|CS|TAMS 0x00000000edc00000| PB 0x00000000edc00000| Complete 
| 221|0x00000000edd00000, 0x00000000ede00000, 0x00000000ede00000|100%| E|CS|TAMS 0x00000000edd00000| PB 0x00000000edd00000| Complete 
| 222|0x00000000ede00000, 0x00000000edf00000, 0x00000000edf00000|100%| E|CS|TAMS 0x00000000ede00000| PB 0x00000000ede00000| Complete 
| 223|0x00000000edf00000, 0x00000000ee000000, 0x00000000ee000000|100%| E|CS|TAMS 0x00000000edf00000| PB 0x00000000edf00000| Complete 
| 224|0x00000000ee000000, 0x00000000ee100000, 0x00000000ee100000|100%| E|CS|TAMS 0x00000000ee000000| PB 0x00000000ee000000| Complete 
| 225|0x00000000ee100000, 0x00000000ee200000, 0x00000000ee200000|100%| E|CS|TAMS 0x00000000ee100000| PB 0x00000000ee100000| Complete 
| 226|0x00000000ee200000, 0x00000000ee300000, 0x00000000ee300000|100%| E|CS|TAMS 0x00000000ee200000| PB 0x00000000ee200000| Complete 
| 227|0x00000000ee300000, 0x00000000ee400000, 0x00000000ee400000|100%| E|CS|TAMS 0x00000000ee300000| PB 0x00000000ee300000| Complete 
| 228|0x00000000ee400000, 0x00000000ee500000, 0x00000000ee500000|100%| E|CS|TAMS 0x00000000ee400000| PB 0x00000000ee400000| Complete 
| 229|0x00000000ee500000, 0x00000000ee600000, 0x00000000ee600000|100%| E|CS|TAMS 0x00000000ee500000| PB 0x00000000ee500000| Complete 
| 230|0x00000000ee600000, 0x00000000ee700000, 0x00000000ee700000|100%| E|CS|TAMS 0x00000000ee600000| PB 0x00000000ee600000| Complete 
| 231|0x00000000ee700000, 0x00000000ee800000, 0x00000000ee800000|100%| E|CS|TAMS 0x00000000ee700000| PB 0x00000000ee700000| Complete 
| 232|0x00000000ee800000, 0x00000000ee900000, 0x00000000ee900000|100%| E|CS|TAMS 0x00000000ee800000| PB 0x00000000ee800000| Complete 
| 233|0x00000000ee900000, 0x00000000eea00000, 0x00000000eea00000|100%| E|CS|TAMS 0x00000000ee900000| PB 0x00000000ee900000| Complete 
| 234|0x00000000eea00000, 0x00000000eeb00000, 0x00000000eeb00000|100%| E|CS|TAMS 0x00000000eea00000| PB 0x00000000eea00000| Complete 
| 235|0x00000000eeb00000, 0x00000000eec00000, 0x00000000eec00000|100%| E|CS|TAMS 0x00000000eeb00000| PB 0x00000000eeb00000| Complete 
| 236|0x00000000eec00000, 0x00000000eed00000, 0x00000000eed00000|100%| E|CS|TAMS 0x00000000eec00000| PB 0x00000000eec00000| Complete 
| 237|0x00000000eed00000, 0x00000000eee00000, 0x00000000eee00000|100%| E|CS|TAMS 0x00000000eed00000| PB 0x00000000eed00000| Complete 
| 238|0x00000000eee00000, 0x00000000eef00000, 0x00000000eef00000|100%| E|CS|TAMS 0x00000000eee00000| PB 0x00000000eee00000| Complete 
| 239|0x00000000eef00000, 0x00000000ef000000, 0x00000000ef000000|100%| E|CS|TAMS 0x00000000eef00000| PB 0x00000000eef00000| Complete 
| 240|0x00000000ef000000, 0x00000000ef100000, 0x00000000ef100000|100%| E|CS|TAMS 0x00000000ef000000| PB 0x00000000ef000000| Complete 
| 241|0x00000000ef100000, 0x00000000ef200000, 0x00000000ef200000|100%| E|CS|TAMS 0x00000000ef100000| PB 0x00000000ef100000| Complete 
| 242|0x00000000ef200000, 0x00000000ef300000, 0x00000000ef300000|100%| E|CS|TAMS 0x00000000ef200000| PB 0x00000000ef200000| Complete 
| 243|0x00000000ef300000, 0x00000000ef400000, 0x00000000ef400000|100%| E|CS|TAMS 0x00000000ef300000| PB 0x00000000ef300000| Complete 
| 244|0x00000000ef400000, 0x00000000ef4d50d8, 0x00000000ef500000| 83%| S|CS|TAMS 0x00000000ef400000| PB 0x00000000ef400000| Complete 
| 245|0x00000000ef500000, 0x00000000ef600000, 0x00000000ef600000|100%| S|CS|TAMS 0x00000000ef500000| PB 0x00000000ef500000| Complete 
| 246|0x00000000ef600000, 0x00000000ef700000, 0x00000000ef700000|100%| S|CS|TAMS 0x00000000ef600000| PB 0x00000000ef600000| Complete 
| 247|0x00000000ef700000, 0x00000000ef800000, 0x00000000ef800000|100%| S|CS|TAMS 0x00000000ef700000| PB 0x00000000ef700000| Complete 
| 248|0x00000000ef800000, 0x00000000ef900000, 0x00000000ef900000|100%| S|CS|TAMS 0x00000000ef800000| PB 0x00000000ef800000| Complete 
| 249|0x00000000ef900000, 0x00000000efa00000, 0x00000000efa00000|100%| S|CS|TAMS 0x00000000ef900000| PB 0x00000000ef900000| Complete 
| 250|0x00000000efa00000, 0x00000000efb00000, 0x00000000efb00000|100%| S|CS|TAMS 0x00000000efa00000| PB 0x00000000efa00000| Complete 
| 251|0x00000000efb00000, 0x00000000efc00000, 0x00000000efc00000|100%| S|CS|TAMS 0x00000000efb00000| PB 0x00000000efb00000| Complete 
| 252|0x00000000efc00000, 0x00000000efd00000, 0x00000000efd00000|100%| S|CS|TAMS 0x00000000efc00000| PB 0x00000000efc00000| Complete 
| 253|0x00000000efd00000, 0x00000000efe00000, 0x00000000efe00000|100%| S|CS|TAMS 0x00000000efd00000| PB 0x00000000efd00000| Complete 
| 254|0x00000000efe00000, 0x00000000eff00000, 0x00000000eff00000|100%| S|CS|TAMS 0x00000000efe00000| PB 0x00000000efe00000| Complete 
| 255|0x00000000eff00000, 0x00000000f0000000, 0x00000000f0000000|100%| E|CS|TAMS 0x00000000eff00000| PB 0x00000000eff00000| Complete 

Card table byte_map: [0x0000029315900000,0x0000029315a00000] _byte_map_base: 0x0000029315200000

Marking Bits: (CMBitMap*) 0x00000293030dce70
 Bits: [0x0000029315a00000, 0x0000029316200000)

Polling page: 0x0000029300f30000

Metaspace:

Usage:
  Non-class:     54.14 MB used.
      Class:      9.19 MB used.
       Both:     63.33 MB used.

Virtual space:
  Non-class space:       64.00 MB reserved,      55.12 MB ( 86%) committed,  1 nodes.
      Class space:      320.00 MB reserved,      10.12 MB (  3%) committed,  1 nodes.
             Both:      384.00 MB reserved,      65.25 MB ( 17%) committed. 

Chunk freelists:
   Non-Class:  8.58 MB
       Class:  5.88 MB
        Both:  14.45 MB

MaxMetaspaceSize: 384.00 MB
CompressedClassSpaceSize: 320.00 MB
Initial GC threshold: 21.00 MB
Current GC threshold: 100.31 MB
CDS: on
 - commit_granule_bytes: 65536.
 - commit_granule_words: 8192.
 - virtual_space_node_default_size: 8388608.
 - enlarge_chunks_in_place: 1.
 - use_allocation_guard: 0.


Internal statistics:

num_allocs_failed_limit: 18.
num_arena_births: 3508.
num_arena_deaths: 0.
num_vsnodes_births: 2.
num_vsnodes_deaths: 0.
num_space_committed: 1044.
num_space_uncommitted: 0.
num_chunks_returned_to_freelist: 18.
num_chunks_taken_from_freelist: 6620.
num_chunk_merges: 12.
num_chunk_splits: 4282.
num_chunks_enlarged: 2571.
num_inconsistent_stats: 0.

CodeHeap 'non-profiled nmethods': size=120000Kb used=3653Kb max_used=3747Kb free=116346Kb
 bounds [0x000002930dd80000, 0x000002930e130000, 0x00000293152b0000]
CodeHeap 'profiled nmethods': size=120000Kb used=13515Kb max_used=13515Kb free=106485Kb
 bounds [0x00000293062b0000, 0x0000029306ff0000, 0x000002930d7e0000]
CodeHeap 'non-nmethods': size=5760Kb used=2667Kb max_used=2680Kb free=3092Kb
 bounds [0x000002930d7e0000, 0x000002930da90000, 0x000002930dd80000]
CodeCache: size=245760Kb, used=19835Kb, max_used=19942Kb, free=225923Kb
 total_blobs=8008, nmethods=7081, adapters=831, full_count=0
Compilation: enabled, stopped_count=0, restarted_count=0

Compilation events (20 events):
Event: 33.721 Thread 0x0000029332021e90 nmethod 7810 0x0000029306fd9010 code [0x0000029306fd9240, 0x0000029306fd9b98]
Event: 33.723 Thread 0x0000029332021e90 7811       3       com.google.common.reflect.TypeResolver$TypeTable::resolve (20 bytes)
Event: 33.724 Thread 0x0000029332021e90 nmethod 7811 0x0000029306fd9e90 code [0x0000029306fda080, 0x0000029306fda558]
Event: 33.724 Thread 0x0000029332021e90 7812       3       sun.reflect.generics.tree.SimpleClassTypeSignature::accept (8 bytes)
Event: 33.724 Thread 0x0000029332021e90 nmethod 7812 0x0000029306fda710 code [0x0000029306fda8e0, 0x0000029306fdabd8]
Event: 33.724 Thread 0x0000029332021e90 7813       3       sun.reflect.generics.visitor.Reifier::visitSimpleClassTypeSignature (18 bytes)
Event: 33.724 Thread 0x0000029332021e90 nmethod 7813 0x0000029306fdad90 code [0x0000029306fdaf40, 0x0000029306fdb178]
Event: 33.725 Thread 0x0000029332021e90 7817       3       com.google.common.collect.LinkedHashMultimap$ValueSet::iterator (9 bytes)
Event: 33.725 Thread 0x0000029332021e90 nmethod 7817 0x0000029306fdb290 code [0x0000029306fdb440, 0x0000029306fdb750]
Event: 33.725 Thread 0x0000029332021e90 7819       3       org.gradle.internal.instantiation.generator.AbstractClassGenerator$DslMixInPropertyType::findClosureOverload (109 bytes)
Event: 33.726 Thread 0x0000029332021e90 nmethod 7819 0x0000029306fdb890 code [0x0000029306fdbb00, 0x0000029306fdc768]
Event: 33.726 Thread 0x0000029332021e90 7818       3       com.google.common.collect.LinkedHashMultimap$ValueSet$1::<init> (32 bytes)
Event: 33.726 Thread 0x0000029332021e90 nmethod 7818 0x0000029306fdcb90 code [0x0000029306fdcd40, 0x0000029306fdcf98]
Event: 33.730 Thread 0x0000029332021e90 7820       1       org.gradle.api.internal.collections.AbstractIterationOrderRetainingElementSource::getInserted (5 bytes)
Event: 33.730 Thread 0x0000029332021e90 nmethod 7820 0x000002930df40b90 code [0x000002930df40d20, 0x000002930df40de8]
Event: 33.731 Thread 0x0000029332020670 nmethod 7808 0x000002930df3f410 code [0x000002930df3f640, 0x000002930df404e0]
Event: 33.731 Thread 0x0000029332020670 7814       4       com.google.common.collect.ImmutableMap$Builder::put (35 bytes)
Event: 33.736 Thread 0x0000029332020670 nmethod 7814 0x000002930df3e790 code [0x000002930df3e960, 0x000002930df3f100]
Event: 33.736 Thread 0x0000029332020670 7815   !   4       com.google.common.reflect.TypeVisitor::visit (225 bytes)
Event: 34.054 Thread 0x0000029332021e90 7821       3       org.gradle.internal.serialize.InputStreamBackedDecoder::readBoolean (8 bytes)

GC Heap History (20 events):
Event: 0.579 GC heap before
{Heap before GC invocations=0 (full 0):
 garbage-first heap   total 262144K, used 22528K [0x00000000e0000000, 0x0000000100000000)
  region size 1024K, 23 young (23552K), 0 survivors (0K)
 Metaspace       used 1073K, committed 1216K, reserved 393216K
  class space    used 81K, committed 128K, reserved 327680K
}
Event: 0.581 GC heap after
{Heap after GC invocations=1 (full 0):
 garbage-first heap   total 262144K, used 2322K [0x00000000e0000000, 0x0000000100000000)
  region size 1024K, 3 young (3072K), 3 survivors (3072K)
 Metaspace       used 1073K, committed 1216K, reserved 393216K
  class space    used 81K, committed 128K, reserved 327680K
}
Event: 2.560 GC heap before
{Heap before GC invocations=1 (full 0):
 garbage-first heap   total 262144K, used 41234K [0x00000000e0000000, 0x0000000100000000)
  region size 1024K, 39 young (39936K), 3 survivors (3072K)
 Metaspace       used 4371K, committed 4544K, reserved 393216K
  class space    used 558K, committed 640K, reserved 327680K
}
Event: 2.565 GC heap after
{Heap after GC invocations=2 (full 0):
 garbage-first heap   total 262144K, used 11264K [0x00000000e0000000, 0x0000000100000000)
  region size 1024K, 5 young (5120K), 5 survivors (5120K)
 Metaspace       used 4371K, committed 4544K, reserved 393216K
  class space    used 558K, committed 640K, reserved 327680K
}
Event: 3.539 GC heap before
{Heap before GC invocations=2 (full 0):
 garbage-first heap   total 262144K, used 63488K [0x00000000e0000000, 0x0000000100000000)
  region size 1024K, 54 young (55296K), 5 survivors (5120K)
 Metaspace       used 6771K, committed 7040K, reserved 393216K
  class space    used 921K, committed 1024K, reserved 327680K
}
Event: 3.546 GC heap after
{Heap after GC invocations=3 (full 0):
 garbage-first heap   total 262144K, used 17978K [0x00000000e0000000, 0x0000000100000000)
  region size 1024K, 7 young (7168K), 7 survivors (7168K)
 Metaspace       used 6771K, committed 7040K, reserved 393216K
  class space    used 921K, committed 1024K, reserved 327680K
}
Event: 7.134 GC heap before
{Heap before GC invocations=3 (full 0):
 garbage-first heap   total 262144K, used 103994K [0x00000000e0000000, 0x0000000100000000)
  region size 1024K, 92 young (94208K), 7 survivors (7168K)
 Metaspace       used 20775K, committed 21504K, reserved 393216K
  class space    used 3070K, committed 3456K, reserved 327680K
}
Event: 7.147 GC heap after
{Heap after GC invocations=4 (full 0):
 garbage-first heap   total 262144K, used 24726K [0x00000000e0000000, 0x0000000100000000)
  region size 1024K, 14 young (14336K), 14 survivors (14336K)
 Metaspace       used 20775K, committed 21504K, reserved 393216K
  class space    used 3070K, committed 3456K, reserved 327680K
}
Event: 10.670 GC heap before
{Heap before GC invocations=5 (full 0):
 garbage-first heap   total 262144K, used 136342K [0x00000000e0000000, 0x0000000100000000)
  region size 1024K, 120 young (122880K), 14 survivors (14336K)
 Metaspace       used 34956K, committed 35968K, reserved 393216K
  class space    used 4976K, committed 5440K, reserved 327680K
}
Event: 10.690 GC heap after
{Heap after GC invocations=6 (full 0):
 garbage-first heap   total 262144K, used 34165K [0x00000000e0000000, 0x0000000100000000)
  region size 1024K, 20 young (20480K), 20 survivors (20480K)
 Metaspace       used 34956K, committed 35968K, reserved 393216K
  class space    used 4976K, committed 5440K, reserved 327680K
}
Event: 10.784 GC heap before
{Heap before GC invocations=6 (full 0):
 garbage-first heap   total 262144K, used 36213K [0x00000000e0000000, 0x0000000100000000)
  region size 1024K, 23 young (23552K), 20 survivors (20480K)
 Metaspace       used 35291K, committed 36288K, reserved 393216K
  class space    used 5026K, committed 5504K, reserved 327680K
}
Event: 10.795 GC heap after
{Heap after GC invocations=7 (full 0):
 garbage-first heap   total 262144K, used 33820K [0x00000000e0000000, 0x0000000100000000)
  region size 1024K, 10 young (10240K), 10 survivors (10240K)
 Metaspace       used 35291K, committed 36288K, reserved 393216K
  class space    used 5026K, committed 5504K, reserved 327680K
}
Event: 10.894 GC heap before
{Heap before GC invocations=7 (full 0):
 garbage-first heap   total 262144K, used 34844K [0x00000000e0000000, 0x0000000100000000)
  region size 1024K, 12 young (12288K), 10 survivors (10240K)
 Metaspace       used 35568K, committed 36608K, reserved 393216K
  class space    used 5082K, committed 5568K, reserved 327680K
}
Event: 10.902 GC heap after
{Heap after GC invocations=8 (full 0):
 garbage-first heap   total 262144K, used 33351K [0x00000000e0000000, 0x0000000100000000)
  region size 1024K, 10 young (10240K), 10 survivors (10240K)
 Metaspace       used 35568K, committed 36608K, reserved 393216K
  class space    used 5082K, committed 5568K, reserved 327680K
}
Event: 16.998 GC heap before
{Heap before GC invocations=9 (full 0):
 garbage-first heap   total 262144K, used 181831K [0x00000000e0000000, 0x0000000100000000)
  region size 1024K, 153 young (156672K), 10 survivors (10240K)
 Metaspace       used 50459K, committed 52096K, reserved 393216K
  class space    used 7319K, committed 8128K, reserved 327680K
}
Event: 17.011 GC heap after
{Heap after GC invocations=10 (full 0):
 garbage-first heap   total 262144K, used 39987K [0x00000000e0000000, 0x0000000100000000)
  region size 1024K, 16 young (16384K), 16 survivors (16384K)
 Metaspace       used 50459K, committed 52096K, reserved 393216K
  class space    used 7319K, committed 8128K, reserved 327680K
}
Event: 28.207 GC heap before
{Heap before GC invocations=10 (full 0):
 garbage-first heap   total 262144K, used 160819K [0x00000000e0000000, 0x0000000100000000)
  region size 1024K, 128 young (131072K), 16 survivors (16384K)
 Metaspace       used 59397K, committed 61248K, reserved 393216K
  class space    used 8590K, committed 9472K, reserved 327680K
}
Event: 28.231 GC heap after
{Heap after GC invocations=11 (full 0):
 garbage-first heap   total 262144K, used 55816K [0x00000000e0000000, 0x0000000100000000)
  region size 1024K, 17 young (17408K), 17 survivors (17408K)
 Metaspace       used 59397K, committed 61248K, reserved 393216K
  class space    used 8590K, committed 9472K, reserved 327680K
}
Event: 28.276 GC heap before
{Heap before GC invocations=11 (full 0):
 garbage-first heap   total 262144K, used 55816K [0x00000000e0000000, 0x0000000100000000)
  region size 1024K, 18 young (18432K), 17 survivors (17408K)
 Metaspace       used 59684K, committed 61568K, reserved 393216K
  class space    used 8620K, committed 9536K, reserved 327680K
}
Event: 28.291 GC heap after
{Heap after GC invocations=12 (full 0):
 garbage-first heap   total 262144K, used 55972K [0x00000000e0000000, 0x0000000100000000)
  region size 1024K, 11 young (11264K), 11 survivors (11264K)
 Metaspace       used 59684K, committed 61568K, reserved 393216K
  class space    used 8620K, committed 9536K, reserved 327680K
}

Dll operation events (14 events):
Event: 0.048 Loaded shared library C:\Users\obami\.antigravity-ide\extensions\redhat.java-1.55.0-win32-x64\jre\21.0.11-win32-x86_64\bin\java.dll
Event: 0.130 Loaded shared library C:\Users\obami\.antigravity-ide\extensions\redhat.java-1.55.0-win32-x64\jre\21.0.11-win32-x86_64\bin\zip.dll
Event: 0.150 Loaded shared library C:\Users\obami\.antigravity-ide\extensions\redhat.java-1.55.0-win32-x64\jre\21.0.11-win32-x86_64\bin\instrument.dll
Event: 0.155 Loaded shared library C:\Users\obami\.antigravity-ide\extensions\redhat.java-1.55.0-win32-x64\jre\21.0.11-win32-x86_64\bin\net.dll
Event: 0.157 Loaded shared library C:\Users\obami\.antigravity-ide\extensions\redhat.java-1.55.0-win32-x64\jre\21.0.11-win32-x86_64\bin\nio.dll
Event: 0.161 Loaded shared library C:\Users\obami\.antigravity-ide\extensions\redhat.java-1.55.0-win32-x64\jre\21.0.11-win32-x86_64\bin\zip.dll
Event: 0.498 Loaded shared library C:\Users\obami\.antigravity-ide\extensions\redhat.java-1.55.0-win32-x64\jre\21.0.11-win32-x86_64\bin\jimage.dll
Event: 0.818 Loaded shared library C:\Users\obami\.antigravity-ide\extensions\redhat.java-1.55.0-win32-x64\jre\21.0.11-win32-x86_64\bin\verify.dll
Event: 0.932 Loaded shared library C:\Users\obami\.gradle\native\1def1411415f61bf3af743bc5b6707747c0891f09f0c88961ee8f79bc544acac\windows-amd64\native-platform.dll
Event: 0.952 Loaded shared library C:\Users\obami\.gradle\native\0.2.7\x86_64-windows-gnu\gradle-fileevents.dll
Event: 3.489 Loaded shared library C:\Users\obami\.antigravity-ide\extensions\redhat.java-1.55.0-win32-x64\jre\21.0.11-win32-x86_64\bin\management.dll
Event: 3.492 Loaded shared library C:\Users\obami\.antigravity-ide\extensions\redhat.java-1.55.0-win32-x64\jre\21.0.11-win32-x86_64\bin\management_ext.dll
Event: 3.672 Loaded shared library C:\Users\obami\.antigravity-ide\extensions\redhat.java-1.55.0-win32-x64\jre\21.0.11-win32-x86_64\bin\extnet.dll
Event: 4.130 Loaded shared library C:\Users\obami\.antigravity-ide\extensions\redhat.java-1.55.0-win32-x64\jre\21.0.11-win32-x86_64\bin\sunmscapi.dll

Deoptimization events (20 events):
Event: 30.993 Thread 0x0000029333abf5c0 DEOPT PACKING pc=0x000002930df087a0 sp=0x000000b956bf6a20
Event: 30.993 Thread 0x0000029333abf5c0 DEOPT UNPACKING pc=0x000002930d834422 sp=0x000000b956bf6908 mode 2
Event: 32.582 Thread 0x0000029333abf5c0 DEOPT PACKING pc=0x0000029306a0f28a sp=0x000000b956bf71e0
Event: 32.582 Thread 0x0000029333abf5c0 DEOPT UNPACKING pc=0x000002930d834bc2 sp=0x000000b956bf66c0 mode 0
Event: 33.723 Thread 0x0000029333abf5c0 Uncommon trap: trap_request=0xffffffd6 fr.pc=0x000002930df41a7c relative=0x000000000000051c
Event: 33.723 Thread 0x0000029333abf5c0 Uncommon trap: reason=array_check action=maybe_recompile pc=0x000002930df41a7c method=com.google.common.collect.ImmutableMap$Builder.put(Ljava/lang/Object;Ljava/lang/Object;)Lcom/google/common/collect/ImmutableMap$Builder; @ 32 c2
Event: 33.723 Thread 0x0000029333abf5c0 DEOPT PACKING pc=0x000002930df41a7c sp=0x000000b956bf5960
Event: 33.723 Thread 0x0000029333abf5c0 DEOPT UNPACKING pc=0x000002930d834422 sp=0x000000b956bf5948 mode 2
Event: 33.723 Thread 0x0000029333abf5c0 Uncommon trap: trap_request=0xffffffd6 fr.pc=0x000002930df41a7c relative=0x000000000000051c
Event: 33.723 Thread 0x0000029333abf5c0 Uncommon trap: reason=array_check action=maybe_recompile pc=0x000002930df41a7c method=com.google.common.collect.ImmutableMap$Builder.put(Ljava/lang/Object;Ljava/lang/Object;)Lcom/google/common/collect/ImmutableMap$Builder; @ 32 c2
Event: 33.723 Thread 0x0000029333abf5c0 DEOPT PACKING pc=0x000002930df41a7c sp=0x000000b956bf5960
Event: 33.723 Thread 0x0000029333abf5c0 DEOPT UNPACKING pc=0x000002930d834422 sp=0x000000b956bf5948 mode 2
Event: 33.723 Thread 0x0000029333abf5c0 Uncommon trap: trap_request=0xffffffd6 fr.pc=0x000002930df41a7c relative=0x000000000000051c
Event: 33.723 Thread 0x0000029333abf5c0 Uncommon trap: reason=array_check action=maybe_recompile pc=0x000002930df41a7c method=com.google.common.collect.ImmutableMap$Builder.put(Ljava/lang/Object;Ljava/lang/Object;)Lcom/google/common/collect/ImmutableMap$Builder; @ 32 c2
Event: 33.723 Thread 0x0000029333abf5c0 DEOPT PACKING pc=0x000002930df41a7c sp=0x000000b956bf5960
Event: 33.723 Thread 0x0000029333abf5c0 DEOPT UNPACKING pc=0x000002930d834422 sp=0x000000b956bf5948 mode 2
Event: 33.723 Thread 0x0000029333abf5c0 Uncommon trap: trap_request=0xffffffd6 fr.pc=0x000002930df41a7c relative=0x000000000000051c
Event: 33.723 Thread 0x0000029333abf5c0 Uncommon trap: reason=array_check action=maybe_recompile pc=0x000002930df41a7c method=com.google.common.collect.ImmutableMap$Builder.put(Ljava/lang/Object;Ljava/lang/Object;)Lcom/google/common/collect/ImmutableMap$Builder; @ 32 c2
Event: 33.723 Thread 0x0000029333abf5c0 DEOPT PACKING pc=0x000002930df41a7c sp=0x000000b956bf5960
Event: 33.723 Thread 0x0000029333abf5c0 DEOPT UNPACKING pc=0x000002930d834422 sp=0x000000b956bf5948 mode 2

Classes loaded (20 events):
Event: 28.924 Loading class com/sun/jmx/mbeanserver/StandardMBeanSupport
Event: 28.924 Loading class com/sun/jmx/mbeanserver/StandardMBeanSupport done
Event: 28.924 Loading class com/sun/jmx/mbeanserver/StandardMBeanIntrospector
Event: 28.925 Loading class com/sun/jmx/mbeanserver/StandardMBeanIntrospector done
Event: 33.741 Loading class org/xml/sax/SAXNotSupportedException
Event: 33.742 Loading class org/xml/sax/SAXNotSupportedException done
Event: 33.742 Loading class org/xml/sax/SAXNotRecognizedException
Event: 33.742 Loading class org/xml/sax/SAXNotRecognizedException done
Event: 33.742 Loading class javax/xml/transform/TransformerConfigurationException
Event: 33.743 Loading class javax/xml/transform/TransformerException
Event: 33.744 Loading class javax/xml/transform/TransformerException done
Event: 33.744 Loading class javax/xml/transform/TransformerConfigurationException done
Event: 33.744 Loading class javax/xml/xpath/XPathFactoryConfigurationException
Event: 33.744 Loading class javax/xml/xpath/XPathFactoryConfigurationException done
Event: 33.744 Loading class javax/xml/xpath/XPathFactory
Event: 33.744 Loading class javax/xml/xpath/XPathFactory done
Event: 33.744 Loading class jdk/xml/internal/SecuritySupport
Event: 33.745 Loading class jdk/xml/internal/SecuritySupport done
Event: 33.745 Loading class javax/xml/xpath/XPathFactoryFinder
Event: 33.745 Loading class javax/xml/xpath/XPathFactoryFinder done

Classes unloaded (0 events):
No events

Classes redefined (0 events):
No events

Internal exceptions (20 events):
Event: 26.621 Thread 0x0000029333abf5c0 Exception <a 'java/lang/ClassNotFoundException'{0x00000000ea46d790}: org/gradle/api/internal/tasks/DefaultTaskCollectionCustomizer> (0x00000000ea46d790) 
thrown [s\src\hotspot\share\classfile\systemDictionary.cpp, line 313]
Event: 26.630 Thread 0x0000029333abf5c0 Exception <a 'java/lang/ClassNotFoundException'{0x00000000ea318f70}: org/gradle/api/internal/tasks/DefaultTaskContainerCustomizer> (0x00000000ea318f70) 
thrown [s\src\hotspot\share\classfile\systemDictionary.cpp, line 313]
Event: 26.648 Thread 0x0000029333abf5c0 Exception <a 'java/lang/ClassNotFoundException'{0x00000000ea2e8e58}: org/gradle/api/internal/tasks/DefaultTaskContainer_DecoratedCustomizer> (0x00000000ea2e8e58) 
thrown [s\src\hotspot\share\classfile\systemDictionary.cpp, line 313]
Event: 26.902 Thread 0x0000029333abf5c0 Implicit null exception at 0x000002930e0afedd to 0x000002930e0b035c
Event: 26.902 Thread 0x0000029333abf5c0 Implicit null exception at 0x000002930e0b145f to 0x000002930e0b18cc
Event: 27.797 Thread 0x0000029333abf5c0 Exception <a 'java/lang/NoSuchMethodError'{0x00000000e9512e28}: static Lorg/jetbrains/kotlin/gradle/plugin/internal/DefaultConfigurationTimePropertiesAccessorVariantFactory;.<clinit>()V> (0x00000000e9512e28) 
thrown [s\src\hotspot\share\prims\jni.cpp, line 1111]
Event: 27.802 Thread 0x0000029333abf5c0 Exception <a 'java/lang/NoSuchMethodError'{0x00000000e9530fd8}: static Lorg/jetbrains/kotlin/gradle/plugin/internal/DefaultProjectIsolationStartParameterAccessor$Factory;.<clinit>()V> (0x00000000e9530fd8) 
thrown [s\src\hotspot\share\prims\jni.cpp, line 1111]
Event: 27.814 Thread 0x0000029333abf5c0 Exception <a 'java/lang/NoSuchMethodError'{0x00000000e954fe78}: static Lorg/jetbrains/kotlin/gradle/plugin/internal/DefaultSourceSetCompatibilityHelperVariantFactory;.<clinit>()V> (0x00000000e954fe78) 
thrown [s\src\hotspot\share\prims\jni.cpp, line 1111]
Event: 27.822 Thread 0x0000029333abf5c0 Exception <a 'java/lang/NoSuchMethodError'{0x00000000e957aea8}: static Lorg/jetbrains/kotlin/gradle/plugin/internal/DefaultArtifactTypeAttributeAccessorVariantFactory;.<clinit>()V> (0x00000000e957aea8) 
thrown [s\src\hotspot\share\prims\jni.cpp, line 1111]
Event: 27.827 Thread 0x0000029333abf5c0 Exception <a 'java/lang/NoSuchMethodError'{0x00000000e95a61b0}: static Lorg/jetbrains/kotlin/gradle/plugin/internal/DefaultCompatibilityConventionRegistrar$Factory;.<clinit>()V> (0x00000000e95a61b0) 
thrown [s\src\hotspot\share\prims\jni.cpp, line 1111]
Event: 27.830 Thread 0x0000029333abf5c0 Exception <a 'java/lang/NoSuchMethodError'{0x00000000e95c4dc0}: static Lorg/jetbrains/kotlin/gradle/plugin/internal/DefaultJavaSourceSetsAccessorVariantFactory;.<clinit>()V> (0x00000000e95c4dc0) 
thrown [s\src\hotspot\share\prims\jni.cpp, line 1111]
Event: 27.834 Thread 0x0000029333abf5c0 Exception <a 'java/lang/NoSuchMethodError'{0x00000000e95e30b8}: static Lorg/jetbrains/kotlin/gradle/plugin/internal/DefaultIdeaSyncDetectorVariantFactory;.<clinit>()V> (0x00000000e95e30b8) 
thrown [s\src\hotspot\share\prims\jni.cpp, line 1111]
Event: 27.838 Thread 0x0000029333abf5c0 Exception <a 'java/lang/NoSuchMethodError'{0x00000000e94030d0}: static Lorg/jetbrains/kotlin/gradle/plugin/internal/DefaultKotlinTestReportCompatibilityHelperVariantFactory;.<clinit>()V> (0x00000000e94030d0) 
thrown [s\src\hotspot\share\prims\jni.cpp, line 1111]
Event: 27.841 Thread 0x0000029333abf5c0 Exception <a 'java/lang/NoSuchMethodError'{0x00000000e9422390}: static Lorg/jetbrains/kotlin/gradle/plugin/internal/DefaultMppTestReportHelperVariantFactory;.<clinit>()V> (0x00000000e9422390) 
thrown [s\src\hotspot\share\prims\jni.cpp, line 1111]
Event: 27.845 Thread 0x0000029333abf5c0 Exception <a 'java/lang/NoSuchMethodError'{0x00000000e94405d8}: static Lorg/jetbrains/kotlin/gradle/plugin/internal/DefaultConfigurationCacheStartParameterAccessorVariantFactory;.<clinit>()V> (0x00000000e94405d8) 
thrown [s\src\hotspot\share\prims\jni.cpp, line 1111]
Event: 27.850 Thread 0x0000029333abf5c0 Exception <a 'java/lang/NoSuchMethodError'{0x00000000e945fcb8}: static Lorg/jetbrains/kotlin/gradle/plugin/internal/MavenPluginConfigurator$DefaultMavenPluginConfiguratorVariantFactory;.<clinit>()V> (0x00000000e945fcb8) 
thrown [s\src\hotspot\share\prims\jni.cpp, line 1111]
Event: 27.853 Thread 0x0000029333abf5c0 Exception <a 'java/lang/NoSuchMethodError'{0x00000000e947dfe8}: static Lorg/jetbrains/kotlin/gradle/targets/js/nodejs/DefaultUnameExecutorVariantFactory;.<clinit>()V> (0x00000000e947dfe8) 
thrown [s\src\hotspot\share\prims\jni.cpp, line 1111]
Event: 27.856 Thread 0x0000029333abf5c0 Exception <a 'java/lang/NoSuchMethodError'{0x00000000e949cff0}: static Lorg/jetbrains/kotlin/gradle/plugin/internal/DefaultBasePluginConfigurationVariantFactory;.<clinit>()V> (0x00000000e949cff0) 
thrown [s\src\hotspot\share\prims\jni.cpp, line 1111]
Event: 27.863 Thread 0x0000029333abf5c0 Exception <a 'java/lang/NoSuchMethodError'{0x00000000e94bc150}: static Lorg/jetbrains/kotlin/gradle/plugin/internal/DefaultAttributeConfigurationHelperVariantFactory;.<clinit>()V> (0x00000000e94bc150) 
thrown [s\src\hotspot\share\prims\jni.cpp, line 1111]
Event: 28.160 Thread 0x0000029333abf5c0 Exception <a 'java/lang/IncompatibleClassChangeError'{0x00000000e90b9820}: Found class java.lang.Object, but interface was expected> (0x00000000e90b9820) 
thrown [s\src\hotspot\share\interpreter\linkResolver.cpp, line 840]

ZGC Phase Switch (0 events):
No events

VM Operations (20 events):
Event: 27.464 Executing non-safepoint VM operation: HandshakeAllThreads (Deoptimize) done
Event: 28.207 Executing safepoint VM operation: CollectForMetadataAllocation (Metadata GC Threshold)
Event: 28.231 Executing safepoint VM operation: CollectForMetadataAllocation (Metadata GC Threshold) done
Event: 28.276 Executing safepoint VM operation: CollectForMetadataAllocation (Metadata GC Threshold)
Event: 28.291 Executing safepoint VM operation: CollectForMetadataAllocation (Metadata GC Threshold) done
Event: 28.324 Executing safepoint VM operation: G1PauseRemark
Event: 28.339 Executing safepoint VM operation: G1PauseRemark done
Event: 28.355 Executing safepoint VM operation: G1PauseCleanup
Event: 28.355 Executing safepoint VM operation: G1PauseCleanup done
Event: 29.366 Executing safepoint VM operation: Cleanup
Event: 29.367 Executing safepoint VM operation: Cleanup done
Event: 30.375 Executing safepoint VM operation: Cleanup
Event: 30.376 Executing safepoint VM operation: Cleanup done
Event: 31.384 Executing safepoint VM operation: Cleanup
Event: 31.384 Executing safepoint VM operation: Cleanup done
Event: 32.399 Executing safepoint VM operation: Cleanup
Event: 32.414 Executing safepoint VM operation: Cleanup done
Event: 33.428 Executing safepoint VM operation: Cleanup
Event: 33.428 Executing safepoint VM operation: Cleanup done
Event: 34.440 Executing safepoint VM operation: Cleanup

Memory protections (0 events):
No events

Nmethod flushes (20 events):
Event: 28.337 Thread 0x0000029318e84fe0 flushing  nmethod 0x000002930669bf10
Event: 28.337 Thread 0x0000029318e84fe0 flushing  nmethod 0x0000029306700810
Event: 28.337 Thread 0x0000029318e84fe0 flushing  nmethod 0x0000029306720f90
Event: 28.337 Thread 0x0000029318e84fe0 flushing  nmethod 0x0000029306748e90
Event: 28.337 Thread 0x0000029318e84fe0 flushing  nmethod 0x0000029306824710
Event: 28.337 Thread 0x0000029318e84fe0 flushing  nmethod 0x0000029306941610
Event: 28.337 Thread 0x0000029318e84fe0 flushing  nmethod 0x0000029306a8df90
Event: 28.337 Thread 0x0000029318e84fe0 flushing  nmethod 0x000002930df21a10
Event: 28.337 Thread 0x0000029318e84fe0 flushing  nmethod 0x000002930df39690
Event: 28.337 Thread 0x0000029318e84fe0 flushing  nmethod 0x000002930df4b190
Event: 28.337 Thread 0x0000029318e84fe0 flushing  nmethod 0x000002930df4ea10
Event: 28.337 Thread 0x0000029318e84fe0 flushing  nmethod 0x0000029306338d90
Event: 28.337 Thread 0x0000029318e84fe0 flushing  nmethod 0x00000293063ac710
Event: 28.337 Thread 0x0000029318e84fe0 flushing  nmethod 0x0000029306539a90
Event: 28.337 Thread 0x0000029318e84fe0 flushing  nmethod 0x0000029306a05790
Event: 28.337 Thread 0x0000029318e84fe0 flushing  nmethod 0x0000029306a1d590
Event: 28.337 Thread 0x0000029318e84fe0 flushing  nmethod 0x0000029306a1e510
Event: 28.337 Thread 0x0000029318e84fe0 flushing  nmethod 0x0000029306a1f310
Event: 28.337 Thread 0x0000029318e84fe0 flushing  nmethod 0x0000029306a20190
Event: 28.337 Thread 0x0000029318e84fe0 flushing  nmethod 0x0000029306a5ac10

Events (20 events):
Event: 23.793 Thread 0x0000029333abf5c0 Thread added: 0x000002933453d100
Event: 23.799 Thread 0x0000029333abf5c0 Thread added: 0x000002933453eb40
Event: 23.803 Thread 0x0000029333abf5c0 Thread added: 0x000002933453e4b0
Event: 23.817 Thread 0x0000029333abf5c0 Thread added: 0x000002933453f1d0
Event: 23.830 Thread 0x0000029333abf5c0 Thread added: 0x000002933453f860
Event: 23.832 Thread 0x0000029333abf5c0 Thread added: 0x000002933453d790
Event: 23.840 Thread 0x0000029333abf5c0 Thread added: 0x0000029334544090
Event: 23.844 Thread 0x0000029333abf5c0 Thread added: 0x0000029334543370
Event: 23.965 Thread 0x0000029333abf5c0 Thread added: 0x0000029334540c10
Event: 23.966 Thread 0x0000029333abf5c0 Thread added: 0x0000029334542650
Event: 23.967 Thread 0x0000029333abf5c0 Thread added: 0x0000029334541fc0
Event: 23.968 Thread 0x0000029333abf5c0 Thread added: 0x0000029334543a00
Event: 23.969 Thread 0x0000029333abf5c0 Thread added: 0x0000029334544720
Event: 23.970 Thread 0x0000029333abf5c0 Thread added: 0x00000293345412a0
Event: 23.970 Thread 0x0000029333abf5c0 Thread added: 0x0000029334541930
Event: 23.971 Thread 0x0000029333abf5c0 Thread added: 0x0000029334542ce0
Event: 23.972 Thread 0x0000029333abf5c0 Thread added: 0x00000293322e9ec0
Event: 23.974 Thread 0x0000029333abf5c0 Thread added: 0x00000293322e7df0
Event: 23.976 Thread 0x0000029333abf5c0 Thread added: 0x00000293322e8b10
Event: 29.198 Thread 0x0000029333abf5c0 Thread added: 0x00000293322eb900


Dynamic libraries:
0x00007ff7b14f0000 - 0x00007ff7b14fe000 	C:\Users\obami\.antigravity-ide\extensions\redhat.java-1.55.0-win32-x64\jre\21.0.11-win32-x86_64\bin\java.exe
0x00007ff845aa0000 - 0x00007ff845d06000 	C:\WINDOWS\SYSTEM32\ntdll.dll
0x00007ff844ed0000 - 0x00007ff844f99000 	C:\WINDOWS\System32\KERNEL32.DLL
0x00007ff842e10000 - 0x00007ff84320f000 	C:\WINDOWS\System32\KERNELBASE.dll
0x00007ff842cb0000 - 0x00007ff842dfc000 	C:\WINDOWS\System32\ucrtbase.dll
0x00007ff832040000 - 0x00007ff832058000 	C:\Users\obami\.antigravity-ide\extensions\redhat.java-1.55.0-win32-x64\jre\21.0.11-win32-x86_64\bin\jli.dll
0x00007ff81c870000 - 0x00007ff81c88e000 	C:\Users\obami\.antigravity-ide\extensions\redhat.java-1.55.0-win32-x64\jre\21.0.11-win32-x86_64\bin\VCRUNTIME140.dll
0x00007ff843870000 - 0x00007ff843a36000 	C:\WINDOWS\System32\USER32.dll
0x00007ff843580000 - 0x00007ff8435a7000 	C:\WINDOWS\System32\win32u.dll
0x00007ff8185b0000 - 0x00007ff818841000 	C:\WINDOWS\WinSxS\amd64_microsoft.windows.common-controls_6595b64144ccf1df_6.0.26100.8972_none_3e0da176e32f9d4b\COMCTL32.dll
0x00007ff844710000 - 0x00007ff84473b000 	C:\WINDOWS\System32\GDI32.dll
0x00007ff843ab0000 - 0x00007ff843b59000 	C:\WINDOWS\System32\msvcrt.dll
0x00007ff8432d0000 - 0x00007ff8433f9000 	C:\WINDOWS\System32\gdi32full.dll
0x00007ff843220000 - 0x00007ff8432c3000 	C:\WINDOWS\System32\msvcp_win.dll
0x00007ff8437d0000 - 0x00007ff843802000 	C:\WINDOWS\System32\IMM32.DLL
0x00007ff832120000 - 0x00007ff83212c000 	C:\Users\obami\.antigravity-ide\extensions\redhat.java-1.55.0-win32-x64\jre\21.0.11-win32-x86_64\bin\vcruntime140_1.dll
0x00007ff80d8b0000 - 0x00007ff80d93d000 	C:\Users\obami\.antigravity-ide\extensions\redhat.java-1.55.0-win32-x64\jre\21.0.11-win32-x86_64\bin\msvcp140.dll
0x00007fff51de0000 - 0x00007fff52b82000 	C:\Users\obami\.antigravity-ide\extensions\redhat.java-1.55.0-win32-x64\jre\21.0.11-win32-x86_64\bin\server\jvm.dll
0x00007ff845240000 - 0x00007ff8452fc000 	C:\WINDOWS\System32\ADVAPI32.dll
0x00007ff843e20000 - 0x00007ff843eca000 	C:\WINDOWS\System32\sechost.dll
0x00007ff843c40000 - 0x00007ff843d58000 	C:\WINDOWS\System32\RPCRT4.dll
0x00007ff845410000 - 0x00007ff845492000 	C:\WINDOWS\System32\WS2_32.dll
0x00007ff842b10000 - 0x00007ff842b6e000 	C:\WINDOWS\SYSTEM32\POWRPROF.dll
0x00007ff836d90000 - 0x00007ff836dc6000 	C:\WINDOWS\SYSTEM32\WINMM.dll
0x00007ff8300b0000 - 0x00007ff8300bb000 	C:\WINDOWS\SYSTEM32\VERSION.dll
0x00007ff842af0000 - 0x00007ff842b05000 	C:\WINDOWS\SYSTEM32\UMPDC.dll
0x00007ff841920000 - 0x00007ff84193b000 	C:\WINDOWS\SYSTEM32\kernel.appcore.dll
0x00007ff831400000 - 0x00007ff83140a000 	C:\Users\obami\.antigravity-ide\extensions\redhat.java-1.55.0-win32-x64\jre\21.0.11-win32-x86_64\bin\jimage.dll
0x00007ff840140000 - 0x00007ff840382000 	C:\WINDOWS\SYSTEM32\DBGHELP.DLL
0x00007ff8454b0000 - 0x00007ff845835000 	C:\WINDOWS\System32\combase.dll
0x00007ff843b60000 - 0x00007ff843c39000 	C:\WINDOWS\System32\OLEAUT32.dll
0x00007ff81abd0000 - 0x00007ff81ac0b000 	C:\WINDOWS\SYSTEM32\dbgcore.DLL
0x00007ff8434c0000 - 0x00007ff84356c000 	C:\WINDOWS\System32\bcryptPrimitives.dll
0x00007ff830f80000 - 0x00007ff830f8f000 	C:\Users\obami\.antigravity-ide\extensions\redhat.java-1.55.0-win32-x64\jre\21.0.11-win32-x86_64\bin\instrument.dll
0x00007ff81c120000 - 0x00007ff81c140000 	C:\Users\obami\.antigravity-ide\extensions\redhat.java-1.55.0-win32-x64\jre\21.0.11-win32-x86_64\bin\java.dll
0x00007ff844740000 - 0x00007ff844ec8000 	C:\WINDOWS\System32\SHELL32.dll
0x00007ff840720000 - 0x00007ff840fbb000 	C:\WINDOWS\SYSTEM32\windows.storage.dll
0x00007ff845310000 - 0x00007ff845409000 	C:\WINDOWS\System32\SHCORE.dll
0x00007ff843a40000 - 0x00007ff843aa6000 	C:\WINDOWS\System32\shlwapi.dll
0x00007ff842bd0000 - 0x00007ff842bf9000 	C:\WINDOWS\SYSTEM32\profapi.dll
0x00007ff8198b0000 - 0x00007ff8198c8000 	C:\Users\obami\.antigravity-ide\extensions\redhat.java-1.55.0-win32-x64\jre\21.0.11-win32-x86_64\bin\zip.dll
0x00007ff82c7b0000 - 0x00007ff82c7c0000 	C:\Users\obami\.antigravity-ide\extensions\redhat.java-1.55.0-win32-x64\jre\21.0.11-win32-x86_64\bin\net.dll
0x00007ff831ab0000 - 0x00007ff831bd8000 	C:\WINDOWS\SYSTEM32\WINHTTP.dll
0x00007ff841f50000 - 0x00007ff841fbc000 	C:\WINDOWS\system32\mswsock.dll
0x00007ff81b010000 - 0x00007ff81b026000 	C:\Users\obami\.antigravity-ide\extensions\redhat.java-1.55.0-win32-x64\jre\21.0.11-win32-x86_64\bin\nio.dll
0x00007ff82bba0000 - 0x00007ff82bbb0000 	C:\Users\obami\.antigravity-ide\extensions\redhat.java-1.55.0-win32-x64\jre\21.0.11-win32-x86_64\bin\verify.dll
0x00007ff832090000 - 0x00007ff8320b7000 	C:\Users\obami\.gradle\native\1def1411415f61bf3af743bc5b6707747c0891f09f0c88961ee8f79bc544acac\windows-amd64\native-platform.dll
0x00007fffeb830000 - 0x00007fffeb8a8000 	C:\Users\obami\.gradle\native\0.2.7\x86_64-windows-gnu\gradle-fileevents.dll
0x00007ff83a930000 - 0x00007ff83a93a000 	C:\Users\obami\.antigravity-ide\extensions\redhat.java-1.55.0-win32-x64\jre\21.0.11-win32-x86_64\bin\management.dll
0x00007ff83a920000 - 0x00007ff83a92c000 	C:\Users\obami\.antigravity-ide\extensions\redhat.java-1.55.0-win32-x64\jre\21.0.11-win32-x86_64\bin\management_ext.dll
0x00007ff845140000 - 0x00007ff845148000 	C:\WINDOWS\System32\PSAPI.DLL
0x00007ff8413c0000 - 0x00007ff8413f3000 	C:\WINDOWS\SYSTEM32\IPHLPAPI.DLL
0x00007ff8454a0000 - 0x00007ff8454aa000 	C:\WINDOWS\System32\NSI.dll
0x00007ff832080000 - 0x00007ff832089000 	C:\Users\obami\.antigravity-ide\extensions\redhat.java-1.55.0-win32-x64\jre\21.0.11-win32-x86_64\bin\extnet.dll
0x00007ff842240000 - 0x00007ff84225b000 	C:\WINDOWS\SYSTEM32\CRYPTSP.dll
0x00007ff8418e0000 - 0x00007ff841919000 	C:\WINDOWS\system32\rsaenh.dll
0x00007ff842000000 - 0x00007ff842032000 	C:\WINDOWS\SYSTEM32\USERENV.dll
0x00007ff842ba0000 - 0x00007ff842bca000 	C:\WINDOWS\SYSTEM32\bcrypt.dll
0x00007ff842260000 - 0x00007ff84226c000 	C:\WINDOWS\SYSTEM32\CRYPTBASE.dll
0x00007ff832070000 - 0x00007ff83207e000 	C:\Users\obami\.antigravity-ide\extensions\redhat.java-1.55.0-win32-x64\jre\21.0.11-win32-x86_64\bin\sunmscapi.dll
0x00007ff843640000 - 0x00007ff8437be000 	C:\WINDOWS\System32\CRYPT32.dll
0x00007ff842480000 - 0x00007ff8424b0000 	C:\WINDOWS\SYSTEM32\ncrypt.dll
0x00007ff842430000 - 0x00007ff84246f000 	C:\WINDOWS\SYSTEM32\NTASN1.dll
0x00007ff81fdb0000 - 0x00007ff81fdb8000 	C:\WINDOWS\system32\wshunix.dll

JVMTI agents:
C:\Users\obami\.gradle\wrapper\dists\gradle-8.13-bin\5xuhj0ry160q40clulazy9h7d\gradle-8.13\lib\agents\gradle-instrumentation-agent-8.13.jar path:C:\Users\obami\.antigravity-ide\extensions\redhat.java-1.55.0-win32-x64\jre\21.0.11-win32-x86_64\bin\instrument.dll, loaded, initialized, instrumentlib options:none

dbghelp: loaded successfully - version: 4.0.5 - missing functions: none
symbol engine: initialized successfully - sym options: 0x614 - pdb path: .;C:\Users\obami\.antigravity-ide\extensions\redhat.java-1.55.0-win32-x64\jre\21.0.11-win32-x86_64\bin;C:\WINDOWS\SYSTEM32;C:\WINDOWS\WinSxS\amd64_microsoft.windows.common-controls_6595b64144ccf1df_6.0.26100.8972_none_3e0da176e32f9d4b;C:\Users\obami\.antigravity-ide\extensions\redhat.java-1.55.0-win32-x64\jre\21.0.11-win32-x86_64\bin\server;C:\Users\obami\.gradle\native\1def1411415f61bf3af743bc5b6707747c0891f09f0c88961ee8f79bc544acac\windows-amd64;C:\Users\obami\.gradle\native\0.2.7\x86_64-windows-gnu

VM Arguments:
jvm_args: --add-opens=java.base/java.lang=ALL-UNNAMED --add-opens=java.base/java.lang.invoke=ALL-UNNAMED --add-opens=java.base/java.util=ALL-UNNAMED --add-opens=java.prefs/java.util.prefs=ALL-UNNAMED --add-exports=jdk.compiler/com.sun.tools.javac.api=ALL-UNNAMED --add-exports=jdk.compiler/com.sun.tools.javac.util=ALL-UNNAMED --add-opens=java.base/java.util=ALL-UNNAMED --add-opens=java.prefs/java.util.prefs=ALL-UNNAMED --add-opens=java.base/java.nio.charset=ALL-UNNAMED --add-opens=java.base/java.net=ALL-UNNAMED --add-opens=java.base/java.util.concurrent.atomic=ALL-UNNAMED --add-opens=java.xml/javax.xml.namespace=ALL-UNNAMED -XX:MaxMetaspaceSize=384m -XX:+HeapDumpOnOutOfMemoryError -Xms256m -Xmx512m -Dfile.encoding=UTF-8 -Duser.country=GB -Duser.language=en -Duser.variant -javaagent:C:\Users\obami\.gradle\wrapper\dists\gradle-8.13-bin\5xuhj0ry160q40clulazy9h7d\gradle-8.13\lib\agents\gradle-instrumentation-agent-8.13.jar 
java_command: org.gradle.launcher.daemon.bootstrap.GradleDaemon 8.13
java_class_path (initial): C:\Users\obami\.gradle\wrapper\dists\gradle-8.13-bin\5xuhj0ry160q40clulazy9h7d\gradle-8.13\lib\gradle-daemon-main-8.13.jar
Launcher Type: SUN_STANDARD

[Global flags]
     intx CICompilerCount                          = 4                                         {product} {ergonomic}
   size_t CompressedClassSpaceSize                 = 335544320                                 {product} {ergonomic}
     uint ConcGCThreads                            = 3                                         {product} {ergonomic}
     uint G1ConcRefinementThreads                  = 10                                        {product} {ergonomic}
   size_t G1HeapRegionSize                         = 1048576                                   {product} {ergonomic}
    uintx GCDrainStackTargetSize                   = 64                                        {product} {ergonomic}
     bool HeapDumpOnOutOfMemoryError               = true                                   {manageable} {command line}
   size_t InitialHeapSize                          = 268435456                                 {product} {command line}
   size_t MarkStackSize                            = 4194304                                   {product} {ergonomic}
   size_t MaxHeapSize                              = 536870912                                 {product} {command line}
   size_t MaxMetaspaceSize                         = 402653184                                 {product} {command line}
   size_t MaxNewSize                               = 321912832                                 {product} {ergonomic}
   size_t MinHeapDeltaBytes                        = 1048576                                   {product} {ergonomic}
   size_t MinHeapSize                              = 268435456                                 {product} {command line}
    uintx NonNMethodCodeHeapSize                   = 5839372                                {pd product} {ergonomic}
    uintx NonProfiledCodeHeapSize                  = 122909434                              {pd product} {ergonomic}
    uintx ProfiledCodeHeapSize                     = 122909434                              {pd product} {ergonomic}
    uintx ReservedCodeCacheSize                    = 251658240                              {pd product} {ergonomic}
     bool SegmentedCodeCache                       = true                                      {product} {ergonomic}
   size_t SoftMaxHeapSize                          = 536870912                              {manageable} {ergonomic}
     bool UseCompressedOops                        = true                           {product lp64_product} {ergonomic}
     bool UseG1GC                                  = true                                      {product} {ergonomic}
     bool UseLargePagesIndividualAllocation        = false                                  {pd product} {ergonomic}

Logging:
Log output configuration:
 #0: stdout all=warning uptime,level,tags foldmultilines=false
 #1: stderr all=off uptime,level,tags foldmultilines=false

Release file:
JAVA_VERSION="21.0.11" 
MODULES="java.base java.compiler java.datatransfer java.xml java.prefs java.desktop java.instrument java.logging java.management java.security.sasl java.naming java.rmi java.management.rmi java.net.http java.scripting java.security.jgss java.transaction.xa java.sql java.sql.rowset java.xml.crypto java.se java.smartcardio jdk.accessibility jdk.internal.jvmstat jdk.attach jdk.charsets jdk.internal.opt jdk.zipfs jdk.compiler jdk.crypto.ec jdk.crypto.cryptoki jdk.crypto.mscapi jdk.dynalink jdk.internal.ed jdk.editpad jdk.hotspot.agent jdk.httpserver jdk.internal.le jdk.internal.vm.ci jdk.internal.vm.compiler jdk.internal.vm.compiler.management jdk.jartool jdk.javadoc jdk.jcmd jdk.management jdk.management.agent jdk.jconsole jdk.jdeps jdk.jdwp.agent jdk.jdi jdk.jfr jdk.jshell jdk.jsobject jdk.jstatd jdk.localedata jdk.management.jfr jdk.naming.dns jdk.naming.rmi jdk.net jdk.nio.mapmode jdk.random jdk.sctp jdk.security.auth jdk.security.jgss jdk.unsupported jdk.unsupported.desktop jdk.xml.dom" 

Environment Variables:
JAVA_HOME=C:\Program Files\Java\jdk-17
PATH=C:\Program Files\Common Files\Siemens\Automation\Simatic OAM\bin;C:\Program Files\Common Files\Oracle\Java\javapath;C:\Program Files\Eclipse Adoptium\jdk-21.0.7.6-hotspot\bin;C:\windows\system32;C:\windows;C:\windows\System32\Wbem;C:\windows\System32\WindowsPowerShell\v1.0\;C:\windows\System32\OpenSSH\;C:\Program Files (x86)\NVIDIA Corporation\PhysX\Common;C:\Program Files\NVIDIA Corporation\NVIDIA NvDLISR;C:\Program Files\Git\cmd;C:\Program Files\nodejs\;C:\ProgramData\chocolatey\bin;C:\WINDOWS\system32;C:\WINDOWS;C:\WINDOWS\System32\Wbem;C:\WINDOWS\System32\WindowsPowerShell\v1.0\;C:\WINDOWS\System32\OpenSSH\;C:\Program Files\dotnet\;C:\Program Files (x86)\Microsoft SQL Server\160\Tools\Binn\;C:\Program Files\Microsoft SQL Server\160\Tools\Binn\;C:\Program Files\Microsoft SQL Server\Client SDK\ODBC\170\Tools\Binn\;C:\Program Files\Microsoft SQL Server\160\DTS\Binn\;C:\Program Files (x86)\Windows Kits\8.1\Windows Performance Toolkit\;C:\Program Files\CMake\bin;C:\Program Files\Polyspace\R2019a\runtime\win64;C:\Program Files\Polyspace\R2019a\bin;C:\Program Files\MATLAB\R2024a\runtime\win64;C:\Program Files\MATLAB\R2024a\bin;C:\Program Files (x86)\Microsoft SQL Server\Client SDK\ODBC\110\Tools\Binn\;C:\Program Files (x86)\Microsoft SQL Server\120\Tools\Binn\;C:\Program Files (x86)\Microsoft SQL Server\120\DTS\Binn\;C:\Program Files\Polyspace\R2019a\polyspace\bin;C:\Users\obami\.cargo\bin;C:\Users\obami\AppData\Local\Programs\Python\Python38;C:\Users\obami\AppData\Local\Programs\Python\Python39\;C:\Users\obami\AppData\Local\Programs\Python\Python39;C:\Users\obami\AppData\Local\Programs\Python\Python313\Scripts;C:\Users\obami\AppData\Local\Programs\Microsoft VS Code\bin;C:\Users\obami\AppData\Local\Programs\Python\Python38\Scripts;C:\Users\obami\AppData\Roaming\npm;C:\Users\obami\AppData\Local\Programs\Antigravity\bin;C:\Users\obami\libimobiledevice;C:\Users\obami\AppData\Local\Programs\Antigravity IDE\bin;C:\Users\obami\AppData\Local\Programs\Ollama
USERNAME=obami
OS=Windows_NT
PROCESSOR_IDENTIFIER=Intel64 Family 6 Model 154 Stepping 4, GenuineIntel
TMP=C:\Users\obami\AppData\Local\Temp
TEMP=C:\Users\obami\AppData\Local\Temp




Periodic native trim disabled

---------------  S Y S T E M  ---------------

OS:
 Windows 11 , 64 bit Build 26100 (10.0.26100.9168)
OS uptime: 0 days 13:17 hours
Hyper-V role detected

CPU: total 12 (initial active 12) (6 cores per cpu, 2 threads per core) family 6 model 154 stepping 4 microcode 0x437, cx8, cmov, fxsr, ht, mmx, 3dnowpref, sse, sse2, sse3, ssse3, sse4.1, sse4.2, popcnt, lzcnt, tsc, tscinvbit, avx, avx2, aes, erms, clmul, bmi1, bmi2, adx, sha, fma, vzeroupper, clflush, clflushopt, clwb, hv, serialize, rdtscp, rdpid, fsrm, f16c, cet_ibt, cet_ss
Processor Information for processor 0
  Max Mhz: 1300, Current Mhz: 1300, Mhz Limit: 1300
Processor Information for processor 1
  Max Mhz: 1300, Current Mhz: 1300, Mhz Limit: 1300
Processor Information for processor 2
  Max Mhz: 1300, Current Mhz: 1300, Mhz Limit: 1300
Processor Information for processor 3
  Max Mhz: 1300, Current Mhz: 1300, Mhz Limit: 1300
Processor Information for processor 4
  Max Mhz: 1300, Current Mhz: 900, Mhz Limit: 897
Processor Information for processor 5
  Max Mhz: 1300, Current Mhz: 900, Mhz Limit: 897
Processor Information for processor 6
  Max Mhz: 1300, Current Mhz: 900, Mhz Limit: 897
Processor Information for processor 7
  Max Mhz: 1300, Current Mhz: 900, Mhz Limit: 897
Processor Information for processor 8
  Max Mhz: 1300, Current Mhz: 900, Mhz Limit: 897
Processor Information for processor 9
  Max Mhz: 1300, Current Mhz: 900, Mhz Limit: 897
Processor Information for processor 10
  Max Mhz: 1300, Current Mhz: 900, Mhz Limit: 897
Processor Information for processor 11
  Max Mhz: 1300, Current Mhz: 900, Mhz Limit: 897

Memory: 4k page, system-wide physical 7865M (283M free)
TotalPageFile size 32441M (AvailPageFile size 32M)
current process WorkingSet (physical memory assigned to process): 317M, peak: 373M
current process commit charge ("private bytes"): 491M, peak: 492M

vm_info: OpenJDK 64-Bit Server VM (21.0.11+10-LTS) for windows-amd64 JRE (21.0.11+10-LTS), built on 2026-04-21T00:00:00Z by "admin" with MS VC++ 17.12 (VS2022)

END.
